lugar;delito;2024;2023;2022;2021;2020;2019;2018;2017;2016;2015;2014;2013;2012;2011;2010
nacional;1. CONTRA LAS PERSONAS;236,010;226,761;212,804;183,590;161,406;186,110;177,165;174,217;166,431;223,893;281,713;274,655;286,446;300,654;297,488
nacional;1.1.-Homicidios dolosos/asesinatos;1,695;1,692;1,539;1,322;1,201;1,167;1,088;1,106;1,107;964;1,048;964;1,125;1,210;1,177
nacional;1.1.1.-Homicidios dolosos/asesinatos consumados;349;333;326;293;298;331;289;307;294;302;323;302;364;385;401
nacional;1.2.-Lesiones;123,028;118,125;113,704;96,159;81,449;103,341;99,928;100,354;97,108;97,012;98,821;100,193;105,913;112,824;113,067
nacional;1.3.-Malos tratos ambito familiar;104,625;101,179;92,695;82,003;75,203;77,424;72,309;69,812;66,102;64,118;62,392;59,819;59,703;62,260;60,307
nacional;1.4.-Otros contra las personas;6,662;5,765;4,866;4,106;3,553;4,178;3,840;2,945;2,114;61,799;119,452;113,679;119,705;124,360;122,937
nacional;2. CONTRA LA LIBERTAD;166,499;159,113;143,861;139,867;125,010;125,685;120,919;119,031;115,493;78,815;42,953;43,322;44,476;45,131;42,376
nacional;2.1.-Malos tratos habituales en el ambito familiar;16,517;17,120;15,647;15,008;13,993;14,575;14,196;14,238;14,554;15,676;15,958;16,676;17,523;17,694;17,270
nacional;2.2.-Otros contra la libertad;149,982;141,993;128,214;124,859;111,017;111,110;106,723;104,793;100,939;63,139;26,995;26,646;26,953;27,437;25,106
nacional;3. LIBERTAD SEXUAL;22,846;21,825;19,013;17,016;13,174;15,319;13,782;11,692;10,844;9,869;9,468;8,923;9,008;9,892;9,957
nacional;3.1.-Agresion sexual;13,674;12,727;11,426;10,061;7,276;8,885;7,983;6,580;6,233;5,338;5,150;4,859;5,101;5,479;5,068
nacional;3.2.-Agresion sexual con penetracion;5,222;4,890;4,270;3,795;2,785;3,079;2,744;2,136;1,793;1,668;1,622;1,684;1,631;1,887;1,991
nacional;3.3.-Corrupcion de menores o incapacitados;431;389;384;347;350;369;268;400;368;432;386;320;278;253;345
nacional;3.4.-Pornografia de menores;913;909;707;739;762;866;892;767;621;748;625;508;569;715;953
nacional;3.5.-Otros contra la libertad sexual;2,606;2,910;2,226;2,074;2,001;2,120;1,895;1,809;1,829;1,683;1,685;1,552;1,429;1,558;1,600
nacional;4. RELACIONES FAMILIARES;7,586;7,611;7,567;7,410;6,831;7,288;7,630;7,915;8,043;9,814;10,506;10,331;10,424;9,087;7,877
nacional;5. PATRIMONIO;1,809,484;1,846,821;1,747,464;1,434,698;1,304,424;1,707,144;1,664,242;1,593,930;1,572,967;1,573,983;1,595,984;1,679,585;1,754,632;1,742,631;1,779,019
nacional;5.1.-Hurtos;648,963;665,622;642,276;493,479;420,950;700,453;706,072;712,398;711,507;715,469;727,800;770,296;790,281;786,704;785,635
nacional;5.2.-Robos con fuerza en las cosas;262,222;272,638;265,901;229,137;219,091;298,098;302,043;301,734;318,164;322,705;344,875;381,777;405,939;414,961;443,772
nacional;5.2.1.-Robos con fuerza en las cosas en el interior de vehiculos;103,175;104,988;101,084;87,774;54,633;108,637;102,474;102,988;104,274;100,021;106,174;123,355;139,483;153,259;141,674
nacional;5.2.2.-Robos con fuerza en viviendas;81,094;84,721;86,515;75,501;72,380;98,326;107,166;105,095;113,299;115,302;120,783;127,444;126,425;100,780;111,656
nacional;5.2.3.-Robos con fuerza en establecimientos;31,439;35,072;31,552;27,198;31,237;32,363;33,129;35,059;37,619;35,959;37,962;39,940;41,559;41,250;48,958
nacional;5.3.-Robos con violencia o intimidacion;62,976;64,711;63,392;53,073;45,263;65,874;60,295;61,763;62,952;64,581;70,855;86,034;96,607;87,718;84,411
nacional;5.3.1.-Robos con violencia en via pública;42,764;44,406;43,100;35,726;30,162;25,916;24,681;27,561;28,900;28,949;31,830;38,975;45,144;38,831;42,238
nacional;5.3.2.-Robos con violencia en viviendas;3,934;3,844;3,669;3,477;3,208;3,223;3,233;3,389;3,521;3,929;4,697;6,306;6,912;5,450;4,950
nacional;5.3.3.-Robos con violencia en establecimientos;8,553;8,238;8,210;6,663;6,138;5,609;5,355;5,383;5,174;5,168;5,489;6,747;6,822;6,458;7,772
nacional;5.4.-Sustraccion de vehiculos;32,965;32,839;30,767;26,417;25,387;35,105;35,897;42,519;43,335;43,170;43,206;48,855;55,197;60,061;65,948
nacional;5.5.-Estafas;517,271;533,379;466,566;373,113;360,844;327,723;289,259;214,625;179,756;165,300;140,440;122,483;124,675;106,304;102,567
nacional;5.5.1.-Estafas informaticas;412,850;427,448;335,995;267,011;257,907;192,375;136,656;94,792;70,178;62,038;32,842;26,664;27,231;21,075;20,563
nacional;5.6.-Danos;210,805;209,299;213,694;201,828;180,429;219,424;213,815;214,246;214,709;215,519;218,166;226,619;246,355;254,361;266,291
nacional;5.7.-Contra la propiedad intelectual/industrial;1,801;1,451;1,217;1,176;930;1,807;2,205;1,622;1,889;2,047;2,608;3,260;2,884;2,643;3,619
nacional;5.8.-Blanqueo de capitales;808;516;411;343;310;295;272;260;262;290;230;243;199;171;182
nacional;5.9.-Otros contra el patrimonio;71,673;66,366;63,240;56,132;51,220;58,365;54,384;44,763;40,393;44,902;47,804;40,018;32,495;29,708;26,594
andalucia;1. CONTRA LAS PERSONAS;47,011;45,636;42,594;37,296;33,578;37,130;35,043;35,087;33,661;47,420;59,774;56,840;59,894;64,275;63,795
andalucia;1.1.-Homicidios dolosos/asesinatos;350;363;358;274;298;238;262;256;295;218;224;247;247;305;276
andalucia;1.1.1.-Homicidios dolosos/asesinatos consumados;82;71;74;55;61;82;72;49;68;65;69;65;68;85;78
andalucia;1.2.-Lesiones;25,781;24,848;23,218;19,996;17,412;20,624;19,547;20,068;19,149;19,400;20,038;19,956;20,923;22,084;22,742
andalucia;1.3.-Malos tratos ambito familiar;19,586;19,294;18,119;16,314;15,221;15,455;14,441;14,179;13,747;14,031;13,308;12,241;12,522;13,802;12,849
andalucia;1.4.-Otros contra las personas;1,294;1,131;899;712;647;813;793;584;470;13,771;26,204;24,396;26,202;28,084;27,928
andalucia;2. CONTRA LA LIBERTAD;35,299;32,765;28,618;27,291;26,108;25,751;24,513;24,427;23,184;14,587;7,364;7,773;7,671;7,145;6,570
andalucia;2.1.-Malos tratos habituales en el ambito familiar;2,918;3,007;2,858;2,806;2,717;2,752;2,671;2,857;2,703;2,708;2,981;3,579;3,477;2,776;2,488
andalucia;2.2.-Otros contra la libertad;32,381;29,758;25,760;24,485;23,391;22,999;21,842;21,570;20,481;11,879;4,383;4,194;4,194;4,369;4,082
andalucia;3. LIBERTAD SEXUAL;3,453;3,473;3,067;2,690;2,204;2,510;2,339;2,064;1,837;1,701;1,653;1,624;1,632;1,725;1,768
andalucia;3.1.-Agresion sexual;2,150;2,044;1,848;1,651;1,228;1,462;1,428;1,157;1,043;904;918;907;926;991;959
andalucia;3.2.-Agresion sexual con penetracion;626;604;512;451;370;401;314;273;263;242;203;235;265;288;279
andalucia;3.3.-Corrupcion de menores o incapacitados;68;74;84;68;74;92;63;104;64;98;95;87;47;64;75
andalucia;3.4.-Pornografia de menores;146;130;118;125;149;132;154;153;111;136;85;86;85;97;138
andalucia;3.5.-Otros contra la libertad sexual;463;621;505;395;383;423;380;377;356;321;352;309;309;285;317
andalucia;4. RELACIONES FAMILIARES;1,690;1,702;1,575;1,575;1,492;1,503;1,529;1,561;1,527;1,641;1,633;1,559;1,691;1,480;1,405
andalucia;5. PATRIMONIO;280,511;289,412;264,965;210,150;190,744;239,711;240,939;242,164;243,163;241,975;249,797;273,325;289,754;295,431;303,476
andalucia;5.1.-Hurtos;92,468;95,492;89,038;68,916;57,435;91,298;93,459;103,746;109,491;110,768;115,850;127,933;133,759;134,955;136,528
andalucia;5.2.-Robos con fuerza en las cosas;42,982;47,977;44,168;36,839;37,257;47,542;50,084;52,435;54,283;54,298;58,021;67,166;70,769;74,161;79,070
andalucia;5.2.1.-Robos con fuerza en las cosas en el interior de vehiculos;16,936;19,215;17,583;13,902;13,556;17,691;18,696;19,447;19,022;19,160;19,519;23,407;26,001;28,610;25,045
andalucia;5.2.2.-Robos con fuerza en viviendas;12,810;14,101;13,281;11,457;12,127;15,349;15,779;17,276;18,367;17,798;19,372;22,031;21,963;17,972;20,541
andalucia;5.2.3.-Robos con fuerza en establecimientos;5,267;5,953;5,362;4,786;5,317;6,935;7,192;7,303;7,772;7,348;7,599;7,951;8,092;8,025;10,205
andalucia;5.3.-Robos con violencia o intimidacion;7,417;7,676;7,335;5,911;5,187;7,302;7,093;7,668;7,431;7,283;8,291;10,531;11,673;11,867;12,194
andalucia;5.3.1.-Robos con violencia en via pública;4,779;5,028;4,843;3,871;3,253;4,714;4,592;5,116;5,051;5,016;5,829;7,437;8,411;8,216;8,925
andalucia;5.3.2.-Robos con violencia en viviendas;686;630;586;559;469;605;571;568;591;524;560;695;715;602;670
andalucia;5.3.3.-Robos con violencia en establecimientos;1,161;1,195;1,107;871;971;1,163;1,128;1,146;956;931;1,091;1,410;1,382;1,296;1,699
andalucia;5.4.-Sustraccion de vehiculos;6,065;5,957;5,578;4,848;4,821;6,511;6,872;8,755;8,835;9,008;8,312;9,125;11,294;12,037;14,065
andalucia;5.5.-Estafas;83,266;84,455;71,465;51,085;47,474;42,358;37,843;25,204;21,551;19,406;16,982;15,064;15,579;15,119;12,900
andalucia;5.5.1.-Estafas informaticas;71,252;72,795;49,323;35,288;33,036;23,237;15,081;10,366;8,165;6,536;5,666;4,481;4,378;3,609;3,433
andalucia;5.6.-Danos;34,845;35,037;34,850;31,827;28,242;33,332;34,236;35,372;34,528;33,579;34,646;36,487;41,013;42,657;44,486
andalucia;5.7.-Contra la propiedad intelectual/industrial;423;332;177;217;240;439;564;445;523;526;763;971;830;579;809
andalucia;5.8.-Blanqueo de capitales;175;106;107;86;72;82;82;61;57;71;88;71;53;46;49
andalucia;5.9.-Otros contra el patrimonio;12,870;12,380;12,247;10,421;10,016;10,847;10,706;8,478;6,464;7,036;6,844;5,977;4,784;4,010;3,375
aragon;1. CONTRA LAS PERSONAS;6,413;6,071;5,597;4,530;4,083;4,760;4,474;4,146;4,005;4,735;5,975;6,330;5,987;6,848;6,752
aragon;1.1.-Homicidios dolosos/asesinatos;37;47;37;18;39;15;17;23;25;23;18;14;16;14;23
aragon;1.1.1.-Homicidios dolosos/asesinatos consumados;8;9;10;5;4;6;9;8;8;9;5;7;6;6;10
aragon;1.2.-Lesiones;2,983;2,949;2,838;2,235;1,798;2,407;2,249;2,137;2,073;2,016;2,219;2,329;2,294;2,584;2,658
aragon;1.3.-Malos tratos ambito familiar;3,257;2,967;2,627;2,167;2,158;2,246;2,093;1,929;1,864;1,690;1,718;1,719;1,558;1,913;1,513
aragon;1.4.-Otros contra las personas;136;108;95;110;88;92;115;57;43;1,006;2,020;2,268;2,119;2,337;2,558
aragon;2. CONTRA LA LIBERTAD;3,361;3,139;2,719;2,785;2,482;2,276;2,233;2,071;2,134;1,384;909;909;914;1,038;966
aragon;2.1.-Malos tratos habituales en el ambito familiar;299;301;282;308;300;285;273;249;251;304;363;387;379;463;418
aragon;2.2.-Otros contra la libertad;3,062;2,838;2,437;2,477;2,182;1,991;1,960;1,822;1,883;1,080;546;522;535;575;548
aragon;3. LIBERTAD SEXUAL;467;511;423;443;306;330;346;274;287;251;227;232;215;271;310
aragon;3.1.-Agresion sexual;308;330;245;256;165;212;206;159;169;137;118;116;114;142;168
aragon;3.2.-Agresion sexual con penetracion;86;92;89;102;63;47;53;46;51;41;42;44;46;55;65
aragon;3.3.-Corrupcion de menores o incapacitados;8;13;18;14;10;11;11;11;20;21;17;18;8;15;7
aragon;3.4.-Pornografia de menores;23;21;20;28;13;20;26;18;8;19;16;14;17;24;29
aragon;3.5.-Otros contra la libertad sexual;42;55;51;43;55;40;50;40;39;33;34;40;30;35;41
aragon;4. RELACIONES FAMILIARES;197;179;186;156;151;161;177;161;155;159;210;168;148;139;140
aragon;5. PATRIMONIO;38,080;36,261;34,667;30,192;25,509;31,651;29,952;28,437;28,874;29,101;30,042;32,032;35,860;38,211;39,806
aragon;5.1.-Hurtos;11,733;10,651;10,629;8,925;6,747;10,546;10,710;11,004;11,936;12,155;12,775;14,058;16,318;17,216;17,195
aragon;5.2.-Robos con fuerza en las cosas;5,455;5,550;5,193;4,365;3,652;5,471;5,200;5,167;5,615;5,636;5,958;6,993;7,806;8,712;9,835
aragon;5.2.1.-Robos con fuerza en las cosas en el interior de vehiculos;1,045;1,044;1,026;961;828;1,703;1,268;1,306;1,371;1,348;1,255;1,374;1,857;2,546;2,003
aragon;5.2.2.-Robos con fuerza en viviendas;1,922;1,955;1,493;1,346;1,139;1,568;1,751;1,787;1,898;1,883;1,894;2,179;2,229;1,618;2,184
aragon;5.2.3.-Robos con fuerza en establecimientos;646;747;881;658;725;737;709;743;713;690;791;1,033;1,305;1,040;1,686
aragon;5.3.-Robos con violencia o intimidacion;1,381;1,076;1,195;960;769;1,033;919;798;910;820;915;1,240;1,460;1,566;1,620
aragon;5.3.1.-Robos con violencia en via pública;939;702;843;644;541;730;630;518;613;530;589;790;965;981;1,102
aragon;5.3.2.-Robos con violencia en viviendas;105;65;55;50;36;40;48;54;65;63;86;86;122;112;102
aragon;5.3.3.-Robos con violencia en establecimientos;227;203;197;173;125;193;149;148;128;142;147;217;223;255;256
aragon;5.4.-Sustraccion de vehiculos;278;318;279;252;190;242;279;392;388;373;406;504;573;811;1,017
aragon;5.5.-Estafas;12,579;12,353;10,951;9,175;8,762;7,976;6,751;4,805;3,813;3,685;3,174;2,397;2,559;2,222;1,862
aragon;5.5.1.-Estafas informaticas;11,081;10,891;8,732;7,310;6,970;4,536;3,131;1,860;1,437;1,470;1,426;927;984;631;536
aragon;5.6.-Danos;5,328;5,095;5,208;5,347;4,414;5,122;4,804;5,165;5,222;5,355;5,754;5,993;6,545;7,121;7,686
aragon;5.7.-Contra la propiedad intelectual/industrial;32;23;20;29;20;34;19;21;28;47;62;67;52;64;101
aragon;5.8.-Blanqueo de capitales;13;4;10;6;12;3;2;3;8;5;4;7;5;6;3
aragon;5.9.-Otros contra el patrimonio;1,281;1,191;1,182;1,133;943;1,224;1,268;1,082;954;1,025;994;773;542;493;487
asturias;1. CONTRA LAS PERSONAS;4,447;4,185;3,895;3,208;3,038;3,368;3,159;3,160;3,239;4,238;5,429;5,617;5,677;6,256;6,171
asturias;1.1.-Homicidios dolosos/asesinatos;20;21;22;9;14;18;18;16;22;18;27;17;15;22;37
asturias;1.1.1.-Homicidios dolosos/asesinatos consumados;7;6;6;1;5;7;7;5;6;4;7;8;6;9;19
asturias;1.2.-Lesiones;2,376;2,235;2,213;1,743;1,589;1,947;1,844;1,906;1,989;1,935;1,951;2,102;2,200;2,416;2,315
asturias;1.3.-Malos tratos ambito familiar;1,972;1,861;1,593;1,393;1,381;1,344;1,246;1,189;1,179;1,175;1,213;1,215;1,280;1,469;1,342
asturias;1.4.-Otros contra las personas;79;68;67;63;54;59;51;49;49;1,110;2,238;2,283;2,182;2,349;2,477
asturias;2. CONTRA LA LIBERTAD;2,461;2,421;2,228;1,946;1,892;1,872;1,751;1,842;1,824;1,155;494;513;539;532;660
asturias;2.1.-Malos tratos habituales en el ambito familiar;87;92;105;91;68;107;112;88;130;128;113;69;81;99;208
asturias;2.2.-Otros contra la libertad;2,374;2,329;2,123;1,855;1,824;1,765;1,639;1,754;1,694;1,027;381;444;458;433;452
asturias;3. LIBERTAD SEXUAL;314;325;277;266;215;193;207;146;146;147;125;119;149;125;153
asturias;3.1.-Agresion sexual;184;199;174;135;116;121;122;84;84;90;73;59;100;71;76
asturias;3.2.-Agresion sexual con penetracion;67;67;46;67;46;28;27;30;26;17;19;22;19;19;25
asturias;3.3.-Corrupcion de menores o incapacitados;8;8;9;8;2;3;11;1;2;7;8;7;2;8;6
asturias;3.4.-Pornografia de menores;13;14;11;19;12;11;11;8;10;10;7;9;11;8;25
asturias;3.5.-Otros contra la libertad sexual;42;37;37;37;39;30;36;23;24;23;18;22;17;19;21
asturias;4. RELACIONES FAMILIARES;95;95;69;91;78;99;104;117;106;149;137;144;160;160;117
asturias;5. PATRIMONIO;23,834;23,761;22,476;18,028;16,593;19,066;18,807;17,964;18,359;18,946;19,530;20,834;20,612;18,959;18,724
asturias;5.1.-Hurtos;7,715;7,681;6,810;4,705;4,148;6,780;7,223;7,261;7,638;8,275;8,715;10,060;10,381;9,322;8,721
asturias;5.2.-Robos con fuerza en las cosas;2,245;2,581;2,083;1,976;1,891;2,440;2,359;2,650;3,043;3,075;3,222;3,348;3,553;3,489;4,028
asturias;5.2.1.-Robos con fuerza en las cosas en el interior de vehiculos;466;586;458;394;389;421;466;485;565;467;568;568;677;736;797
asturias;5.2.2.-Robos con fuerza en viviendas;773;990;830;832;650;908;871;956;1,101;956;931;1,029;1,130;683;770
asturias;5.2.3.-Robos con fuerza en establecimientos;523;561;353;365;459;618;594;762;832;1,000;944;896;867;1,038;1,122
asturias;5.3.-Robos con violencia o intimidacion;344;424;392;295;317;362;355;371;531;603;683;766;836;643;612
asturias;5.3.1.-Robos con violencia en via pública;188;216;212;155;164;196;207;218;321;360;408;458;540;429;396
asturias;5.3.2.-Robos con violencia en viviendas;36;44;35;25;41;41;35;35;44;64;85;81;71;57;46
asturias;5.3.3.-Robos con violencia en establecimientos;86;109;95;67;78;97;76;70;103;130;116;130;117;84;114
asturias;5.4.-Sustraccion de vehiculos;201;259;239;259;289;224;211;394;371;449;484;451;480;664;665
asturias;5.5.-Estafas;9,040;8,907;8,809;7,061;6,533;5,577;4,817;3,553;2,955;2,446;2,033;1,646;1,545;1,353;1,125
asturias;5.5.1.-Estafas informaticas;8,117;7,897;7,661;6,187;5,623;3,657;2,371;1,677;1,277;1,002;690;585;475;376;320
asturias;5.6.-Danos;3,127;2,931;3,151;2,931;2,625;2,824;2,994;3,008;3,025;3,112;3,265;3,718;3,429;3,195;3,294
asturias;5.7.-Contra la propiedad intelectual/industrial;15;9;13;11;6;18;37;7;12;16;26;23;32;19;32
asturias;5.8.-Blanqueo de capitales;7;2;1;1;1;1;4;3;0;1;1;3;0;2;1
asturias;5.9.-Otros contra el patrimonio;1,140;967;978;789;783;840;807;717;784;969;1,101;819;356;272;246
baleares;1. CONTRA LAS PERSONAS;10,012;10,159;9,288;7,431;6,407;8,110;7,545;7,096;6,609;7,774;9,299;9,030;8,966;9,608;8,938
baleares;1.1.-Homicidios dolosos/asesinatos;45;50;39;38;37;48;44;32;32;35;33;33;30;60;41
baleares;1.1.1.-Homicidios dolosos/asesinatos consumados;7;8;3;6;7;6;8;4;9;8;12;10;5;12;6
baleares;1.2.-Lesiones;4,452;4,495;4,169;3,101;2,765;3,774;3,806;3,679;3,456;3,301;3,325;3,325;3,387;3,702;3,358
baleares;1.3.-Malos tratos ambito familiar;5,223;5,341;4,868;4,114;3,474;4,123;3,558;3,253;3,045;2,647;2,502;2,425;2,232;2,347;2,137
baleares;1.4.-Otros contra las personas;292;273;212;178;131;165;137;132;76;1,791;3,439;3,247;3,317;3,499;3,402
baleares;2. CONTRA LA LIBERTAD;6,198;6,339;5,863;5,619;5,083;4,718;4,373;4,377;4,258;2,685;1,350;1,327;1,384;1,590;1,515
baleares;2.1.-Malos tratos habituales en el ambito familiar;665;678;642;682;569;526;509;484;514;472;428;474;506;619;592
baleares;2.2.-Otros contra la libertad;5,533;5,661;5,221;4,937;4,514;4,192;3,864;3,893;3,744;2,213;922;853;878;971;923
baleares;3. LIBERTAD SEXUAL;997;1,050;915;777;520;743;584;517;442;411;394;406;383;419;426
baleares;3.1.-Agresion sexual;690;709;597;513;305;492;371;336;256;238;219;225;211;238;213
baleares;3.2.-Agresion sexual con penetracion;165;156;157;122;84;126;108;67;69;69;77;87;78;68;65
baleares;3.3.-Corrupcion de menores o incapacitados;6;21;23;19;28;14;16;9;27;17;19;18;20;15;16
baleares;3.4.-Pornografia de menores;45;32;14;22;17;16;17;19;17;11;23;27;13;24;43
baleares;3.5.-Otros contra la libertad sexual;91;132;124;101;86;95;72;86;73;76;56;49;61;74;89
baleares;4. RELACIONES FAMILIARES;223;237;280;270;194;188;168;180;212;234;255;274;258;212;161
baleares;5. PATRIMONIO;56,264;53,976;53,397;41,567;42,187;58,274;55,800;55,129;51,859;50,642;52,211;57,282;58,202;57,572;54,693
baleares;5.1.-Hurtos;24,316;23,009;24,460;16,433;12,478;26,584;27,629;29,183;27,962;27,662;29,784;34,526;33,392;31,650;28,551
baleares;5.2.-Robos con fuerza en las cosas;7,389;6,806;7,048;6,119;5,724;7,883;7,967;8,666;8,737;8,506;9,219;10,050;11,756;13,000;13,221
baleares;5.2.1.-Robos con fuerza en las cosas en el interior de vehiculos;3,545;3,195;3,192;2,582;2,257;2,893;2,455;2,895;2,965;2,528;2,878;3,037;3,694;4,211;2,774
baleares;5.2.2.-Robos con fuerza en viviendas;2,044;1,937;2,174;1,921;1,857;2,598;3,067;3,125;3,104;3,323;3,608;3,540;4,337;2,921;3,476
baleares;5.2.3.-Robos con fuerza en establecimientos;775;738;748;725;748;965;1,030;1,145;1,138;1,042;1,027;1,300;1,346;1,945;2,468
baleares;5.3.-Robos con violencia o intimidacion;1,423;1,519;1,272;896;749;1,314;1,230;1,354;1,186;1,069;1,217;1,319;1,585;1,608;1,476
baleares;5.3.1.-Robos con violencia en via pública;938;994;811;571;465;843;771;899;721;652;769;851;1,031;939;1,031
baleares;5.3.2.-Robos con violencia en viviendas;89;82;88;79;72;85;89;68;78;61;89;78;101;82;73
baleares;5.3.3.-Robos con violencia en establecimientos;217;228;167;118;113;164;157;186;175;141;150;169;190;156;189
baleares;5.4.-Sustraccion de vehiculos;1,724;1,832;1,564;1,073;1,021;1,429;1,432;1,717;1,925;1,770;1,445;1,582;1,650;1,861;1,970
baleares;5.5.-Estafas;13,834;13,522;11,589;10,035;15,850;13,091;9,821;6,699;5,028;4,744;3,651;3,221;3,177;2,826;2,634
baleares;5.5.1.-Estafas informaticas;11,491;10,299;7,452;7,005;10,879;7,702;5,491;3,156;2,113;2,264;1,304;1,049;956;749;546
baleares;5.6.-Danos;5,164;4,912;5,284;5,010;4,596;5,625;5,479;5,290;5,064;4,994;4,949;4,821;5,391;5,573;5,763
baleares;5.7.-Contra la propiedad intelectual/industrial;102;89;72;74;31;133;109;77;91;116;140;113;83;79;89
baleares;5.8.-Blanqueo de capitales;12;7;9;4;8;8;5;4;4;8;6;4;4;10;10
baleares;5.9.-Otros contra el patrimonio;2,300;2,280;2,099;1,923;1,730;2,207;2,128;2,139;1,862;1,773;1,800;1,646;1,164;965;979
canarias;1. CONTRA LAS PERSONAS;15,285;15,210;13,601;12,465;11,643;12,396;11,805;11,744;11,021;15,540;19,560;19,224;19,993;21,243;21,268
canarias;1.1.-Homicidios dolosos/asesinatos;62;77;60;53;54;64;66;56;65;64;55;50;55;58;61
canarias;1.1.1.-Homicidios dolosos/asesinatos consumados;14;17;13;16;12;20;25;20;21;20;12;13;15;17;17
canarias;1.2.-Lesiones;7,854;7,847;7,038;6,534;5,938;6,922;6,629;6,892;6,370;6,409;6,075;6,408;6,839;6,839;7,562
canarias;1.3.-Malos tratos ambito familiar;6,789;6,765;6,060;5,498;5,333;5,042;4,775;4,650;4,487;4,346;3,927;4,024;3,935;4,109;3,512
canarias;1.4.-Otros contra las personas;580;521;443;380;318;368;335;146;99;4,721;9,503;8,742;9,164;10,237;10,133
canarias;2. CONTRA LA LIBERTAD;11,245;11,181;9,960;10,102;9,855;9,328;8,955;8,825;8,344;5,244;2,014;2,103;1,983;2,228;2,133
canarias;2.1.-Malos tratos habituales en el ambito familiar;1,098;1,078;841;910;852;850;713;751;695;681;681;708;700;811;967
canarias;2.2.-Otros contra la libertad;10,147;10,103;9,119;9,192;9,003;8,478;8,242;8,074;7,649;4,563;1,333;1,395;1,283;1,417;1,166
canarias;3. LIBERTAD SEXUAL;1,336;1,189;1,148;946;875;907;750;625;530;506;446;469;525;529;598
canarias;3.1.-Agresion sexual;894;750;748;612;509;591;462;350;318;286;282;285;325;306;283
canarias;3.2.-Agresion sexual con penetracion;241;221;234;177;169;117;149;122;76;101;63;78;73;93;165
canarias;3.3.-Corrupcion de menores o incapacitados;24;31;19;11;42;34;8;25;23;31;15;14;30;24;29
canarias;3.4.-Pornografia de menores;46;53;33;54;54;68;52;45;26;27;34;32;38;27;51
canarias;3.5.-Otros contra la libertad sexual;131;134;114;92;101;97;79;83;87;61;52;60;59;79;70
canarias;4. RELACIONES FAMILIARES;518;564;599;631;654;639;754;833;837;1,010;1,153;1,117;1,016;919;836
canarias;5. PATRIMONIO;68,916;66,962;61,602;49,285;53,017;64,716;61,599;62,255;61,781;60,740;59,759;62,970;66,731;65,378;61,351
canarias;5.1.-Hurtos;28,423;26,245;23,596;17,144;16,683;26,122;27,229;30,127;30,971;30,242;30,658;32,519;32,454;31,825;29,107
canarias;5.2.-Robos con fuerza en las cosas;7,720;7,853;8,596;7,639;7,501;10,888;11,598;12,638;12,658;12,752;12,614;13,661;14,956;14,378;13,784
canarias;5.2.1.-Robos con fuerza en las cosas en el interior de vehiculos;3,266;2,969;3,373;2,915;2,682;4,544;4,250;4,674;4,507;4,766;4,614;4,598;4,838;4,939;3,573
canarias;5.2.2.-Robos con fuerza en viviendas;1,872;2,120;2,370;2,428;2,356;2,886;3,229;3,263;3,572;3,398;3,609;4,001;4,294;3,109;3,750
canarias;5.2.3.-Robos con fuerza en establecimientos;1,068;1,249;1,241;956;1,100;1,358;1,739;2,028;2,053;2,011;1,743;1,809;1,901;1,600;2,204
canarias;5.3.-Robos con violencia o intimidacion;1,752;1,858;1,615;1,316;1,180;1,535;1,490;1,436;1,537;1,530;1,628;1,818;2,011;2,017;1,944
canarias;5.3.1.-Robos con violencia en via pública;1,054;1,106;948;745;622;905;870;878;962;940;1,061;1,208;1,346;1,226;1,321
canarias;5.3.2.-Robos con violencia en viviendas;142;148;138;121;148;154;124;116;132;130;108;138;134;112;124
canarias;5.3.3.-Robos con violencia en establecimientos;305;333;300;255;246;256;288;245;249;246;243;222;248;264;281
canarias;5.4.-Sustraccion de vehiculos;1,605;1,451;1,244;983;1,012;1,295;1,354;1,797;1,606;1,677;1,822;1,893;2,168;2,789;2,929
canarias;5.5.-Estafas;18,496;19,297;16,324;12,702;17,540;14,386;9,983;6,448;5,481;5,290;4,198;3,736;5,267;4,207;3,335
canarias;5.5.1.-Estafas informaticas;14,764;15,752;11,699;8,916;12,642;7,286;3,097;2,172;1,696;1,838;1,371;1,161;2,118;1,384;978
canarias;5.6.-Danos;7,915;7,441;7,688;7,413;6,729;7,480;7,217;7,324;7,240;7,168;7,170;8,060;8,721;9,131;9,348
canarias;5.7.-Contra la propiedad intelectual/industrial;152;107;91;48;36;154;112;75;87;86;68;82;73;44;61
canarias;5.8.-Blanqueo de capitales;21;19;10;15;8;14;14;13;15;21;5;5;10;4;2
canarias;5.9.-Otros contra el patrimonio;2,832;2,691;2,438;2,025;2,328;2,842;2,602;2,397;2,186;1,974;1,596;1,196;1,071;983;841
cantabria;1. CONTRA LAS PERSONAS;2,782;2,738;2,463;2,069;1,748;2,053;2,110;1,941;1,971;2,656;3,312;3,180;3,292;3,711;3,564
cantabria;1.1.-Homicidios dolosos/asesinatos;21;10;12;15;4;15;5;7;8;8;4;5;6;4;7
cantabria;1.1.1.-Homicidios dolosos/asesinatos consumados;3;0;1;4;1;6;2;3;0;3;3;4;1;2;2
cantabria;1.2.-Lesiones;1,566;1,587;1,504;1,244;1,042;1,300;1,424;1,323;1,341;1,366;1,304;1,405;1,448;1,603;1,519
cantabria;1.3.-Malos tratos ambito familiar;1,066;1,032;865;708;609;633;599;556;572;582;548;547;534;572;562
cantabria;1.4.-Otros contra las personas;129;109;82;102;93;105;82;55;50;700;1,456;1,223;1,304;1,532;1,476
cantabria;2. CONTRA LA LIBERTAD;1,903;1,775;1,655;1,695;1,450;1,455;1,366;1,344;1,261;864;356;331;359;384;375
cantabria;2.1.-Malos tratos habituales en el ambito familiar;190;190;163;149;129;135;121;125;145;126;133;138;146;157;188
cantabria;2.2.-Otros contra la libertad;1,713;1,585;1,492;1,546;1,321;1,320;1,245;1,219;1,116;738;223;193;213;227;187
cantabria;3. LIBERTAD SEXUAL;188;169;162;130;89;107;102;84;69;70;74;55;48;81;106
cantabria;3.1.-Agresion sexual;102;103;90;78;48;66;60;52;36;36;47;36;27;49;44
cantabria;3.2.-Agresion sexual con penetracion;43;34;39;30;16;15;15;16;8;13;8;7;9;16;22
cantabria;3.3.-Corrupcion de menores o incapacitados;1;3;4;1;2;2;1;0;0;1;4;0;2;0;5
cantabria;3.4.-Pornografia de menores;12;7;11;5;5;8;8;4;8;12;8;4;4;6;16
cantabria;3.5.-Otros contra la libertad sexual;30;22;18;16;18;16;18;12;17;8;7;8;6;10;19
cantabria;4. RELACIONES FAMILIARES;47;53;55;38;40;41;43;46;37;51;64;54;40;50;56
cantabria;5. PATRIMONIO;17,730;17,503;17,321;14,239;11,558;12,953;12,552;12,678;12,290;11,661;11,701;11,875;12,651;11,901;11,770
cantabria;5.1.-Hurtos;4,706;4,831;4,878;3,820;3,236;4,868;4,669;4,983;5,108;5,097;5,436;5,940;6,011;5,391;5,194
cantabria;5.2.-Robos con fuerza en las cosas;2,674;2,797;2,841;2,528;2,225;2,471;2,559;2,600;2,562;2,279;2,550;2,432;2,859;2,560;2,547
cantabria;5.2.1.-Robos con fuerza en las cosas en el interior de vehiculos;584;511;578;501;464;439;519;486;407;499;615;450;672;675;383
cantabria;5.2.2.-Robos con fuerza en viviendas;1,102;1,291;1,348;1,167;858;1,068;979;939;982;733;860;905;1,004;543;604
cantabria;5.2.3.-Robos con fuerza en establecimientos;454;465;445;437;499;540;581;686;664;528;532;543;603;507;641
cantabria;5.3.-Robos con violencia o intimidacion;245;255;242;194;178;223;177;214;214;261;296;371;419;323;397
cantabria;5.3.1.-Robos con violencia en via pública;131;129;109;99;82;110;88;127;109;149;166;199;242;185;277
cantabria;5.3.2.-Robos con violencia en viviendas;21;32;31;25;20;25;16;25;23;19;27;45;43;24;27
cantabria;5.3.3.-Robos con violencia en establecimientos;62;63;71;38;37;54;40;29;55;45;58;79;79;49;70
cantabria;5.4.-Sustraccion de vehiculos;165;116;86;140;100;132;123;207;245;250;245;264;344;330;396
cantabria;5.5.-Estafas;6,527;6,161;5,888;4,483;3,271;2,261;2,241;2,140;1,666;1,371;1,046;803;708;795;681
cantabria;5.5.1.-Estafas informaticas;5,774;5,428;4,349;3,243;2,513;1,766;1,704;1,419;1,028;776;589;281;233;231;210
cantabria;5.6.-Danos;2,525;2,620;2,760;2,426;2,039;2,245;2,052;2,024;1,956;1,735;1,672;1,672;1,935;2,207;2,286
cantabria;5.7.-Contra la propiedad intelectual/industrial;8;18;22;24;12;17;19;6;11;10;28;25;26;18;31
cantabria;5.8.-Blanqueo de capitales;2;6;2;2;0;0;2;1;1;3;0;0;2;3;16
cantabria;5.9.-Otros contra el patrimonio;878;699;602;622;497;736;710;503;527;655;428;368;347;274;222
castillayleon;1. CONTRA LAS PERSONAS;9,371;9,010;8,473;7,252;6,231;7,345;7,213;7,127;6,922;10,203;13,110;13,015;13,943;14,733;14,241
castillayleon;1.1.-Homicidios dolosos/asesinatos;56;58;55;38;44;38;34;30;28;27;44;41;48;47;38
castillayleon;1.1.1.-Homicidios dolosos/asesinatos consumados;12;10;16;13;16;8;11;13;11;9;14;19;15;20;10
castillayleon;1.2.-Lesiones;5,435;5,181;5,126;4,220;3,471;4,571;4,594;4,650;4,523;4,725;4,708;4,668;5,410;5,702;5,484
castillayleon;1.3.-Malos tratos ambito familiar;3,568;3,475;3,046;2,786;2,513;2,447;2,376;2,332;2,298;2,240;2,257;2,135;2,171;2,310;2,214
castillayleon;1.4.-Otros contra las personas;312;296;246;208;203;289;209;115;73;3,211;6,101;6,171;6,314;6,674;6,505
castillayleon;2. CONTRA LA LIBERTAD;6,590;6,397;6,075;6,143;5,340;5,398;5,270;5,083;5,110;3,208;1,242;1,221;1,220;1,266;1,260
castillayleon;2.1.-Malos tratos habituales en el ambito familiar;644;692;584;601;523;532;539;526;545;523;500;484;480;539;569
castillayleon;2.2.-Otros contra la libertad;5,946;5,705;5,491;5,542;4,817;4,866;4,731;4,557;4,565;2,685;742;737;740;727;691
castillayleon;3. LIBERTAD SEXUAL;745;711;620;527;415;507;439;368;289;282;281;238;309;278;295
castillayleon;3.1.-Agresion sexual;448;419;362;300;226;275;246;207;167;140;143;150;181;164;155
castillayleon;3.2.-Agresion sexual con penetracion;140;141;107;120;70;81;79;50;39;41;33;35;46;51;41
castillayleon;3.3.-Corrupcion de menores o incapacitados;21;22;23;19;12;15;10;21;10;23;18;7;7;6;7
castillayleon;3.4.-Pornografia de menores;30;34;44;22;27;31;44;23;28;21;20;15;26;16;34
castillayleon;3.5.-Otros contra la libertad sexual;106;95;84;66;80;105;60;67;45;57;67;31;49;41;58
castillayleon;4. RELACIONES FAMILIARES;221;201;189;174;138;196;180;226;203;251;270;282;290;248;229
castillayleon;5. PATRIMONIO;65,726;65,001;63,435;52,662;46,705;56,640;55,843;53,459;54,234;54,991;55,997;58,837;61,485;59,573;61,232
castillayleon;5.1.-Hurtos;17,388;17,611;17,361;13,785;11,414;19,206;19,715;21,070;22,480;24,474;25,336;28,107;28,694;27,745;28,537
castillayleon;5.2.-Robos con fuerza en las cosas;8,812;8,284;8,160;6,994;6,517;8,819;9,513;9,684;10,186;10,304;11,363;12,317;13,456;12,460;13,339
castillayleon;5.2.1.-Robos con fuerza en las cosas en el interior de vehiculos;2,103;1,964;1,564;1,528;1,526;1,658;1,650;1,679;1,637;1,667;1,954;2,203;2,333;2,850;2,862
castillayleon;5.2.2.-Robos con fuerza en viviendas;3,101;2,786;2,966;2,523;2,117;2,965;3,569;3,154;3,521;3,547;3,847;3,818;3,940;2,390;2,802
castillayleon;5.2.3.-Robos con fuerza en establecimientos;1,155;1,295;1,318;1,172;1,179;1,720;1,701;1,960;2,165;1,993;2,217;2,402;2,480;2,451;2,865
castillayleon;5.3.-Robos con violencia o intimidacion;761;817;710;625;542;706;708;726;847;914;948;1,121;1,199;1,276;1,321
castillayleon;5.3.1.-Robos con violencia en via pública;412;458;374;330;307;391;388;430;512;571;568;709;738;783;818
castillayleon;5.3.2.-Robos con violencia en viviendas;88;85;84;69;55;62;96;69;90;98;111;128;131;106;110
castillayleon;5.3.3.-Robos con violencia en establecimientos;185;194;159;146;110;163;141;130;130;130;153;168;179;215;273
castillayleon;5.4.-Sustraccion de vehiculos;549;485;512;466;400;573;572;659;901;789;757;790;976;1,120;1,410
castillayleon;5.5.-Estafas;25,265;25,535;23,982;18,445;17,531;14,634;13,157;9,555;7,852;6,319;5,092;4,138;4,130;3,618;3,173
castillayleon;5.5.1.-Estafas informaticas;22,366;22,722;18,968;14,457;13,841;9,464;6,511;4,606;3,370;2,411;1,874;1,403;1,172;849;845
castillayleon;5.6.-Danos;10,305;9,892;10,495;10,243;8,662;10,845;10,388;10,399;10,667;10,672;10,879;10,914;11,887;12,354;12,712
castillayleon;5.7.-Contra la propiedad intelectual/industrial;41;56;45;66;40;51;80;63;61;64;101;140;69;91;78
castillayleon;5.8.-Blanqueo de capitales;31;18;9;5;6;9;9;6;6;6;3;8;3;3;5
castillayleon;5.9.-Otros contra el patrimonio;2,574;2,303;2,161;2,033;1,593;1,797;1,701;1,297;1,234;1,449;1,518;1,302;1,071;906;657
castillalamancha;1. CONTRA LAS PERSONAS;9,292;8,729;8,388;7,346;6,376;7,335;6,828;6,583;6,383;8,877;11,389;11,134;11,949;12,264;12,305
castillalamancha;1.1.-Homicidios dolosos/asesinatos;67;60;66;78;52;41;37;46;38;38;47;34;37;27;44
castillalamancha;1.1.1.-Homicidios dolosos/asesinatos consumados;13;15;19;10;17;11;8;12;11;13;16;15;17;8;12
castillalamancha;1.2.-Lesiones;5,200;4,830;4,708;4,007;3,268;4,077;3,822;3,836;3,821;3,793;4,036;3,960;4,281;4,581;4,506
castillalamancha;1.3.-Malos tratos ambito familiar;3,830;3,651;3,436;3,109;2,906;3,048;2,858;2,607;2,457;2,493;2,431;2,334;2,474;2,503;2,635
castillalamancha;1.4.-Otros contra las personas;195;188;178;152;150;169;111;94;67;2,553;4,875;4,806;5,157;5,153;5,120
castillalamancha;2. CONTRA LA LIBERTAD;6,395;6,078;5,816;5,477;4,776;4,655;4,566;4,362;4,160;2,707;1,303;1,343;1,286;1,358;1,099
castillalamancha;2.1.-Malos tratos habituales en el ambito familiar;978;977;807;671;568;597;590;593;516;577;539;563;516;561;494
castillalamancha;2.2.-Otros contra la libertad;5,417;5,101;5,009;4,806;4,208;4,058;3,976;3,769;3,644;2,130;764;780;770;797;605
castillalamancha;3. LIBERTAD SEXUAL;719;718;619;563;452;520;489;371;348;309;285;309;258;327;307
castillalamancha;3.1.-Agresion sexual;470;454;403;359;296;327;287;211;189;189;172;177;160;198;174
castillalamancha;3.2.-Agresion sexual con penetracion;121;133;116;102;67;72;77;51;55;31;35;47;43;55;47
castillalamancha;3.3.-Corrupcion de menores o incapacitados;12;19;11;20;18;15;17;27;24;17;14;6;10;14;10
castillalamancha;3.4.-Pornografia de menores;31;27;13;21;16;31;34;18;15;21;18;11;15;12;24
castillalamancha;3.5.-Otros contra la libertad sexual;85;85;76;61;55;75;74;64;65;51;46;68;30;48;52
castillalamancha;4. RELACIONES FAMILIARES;316;335;389;328;327;326;298;335;336;355;382;392;340;241;222
castillalamancha;5. PATRIMONIO;57,526;58,871;57,046;45,899;42,905;50,473;49,886;46,528;46,605;49,126;50,648;53,668;53,616;52,494;50,702
castillalamancha;5.1.-Hurtos;14,378;14,785;14,393;10,970;9,588;13,831;14,490;15,200;15,746;17,080;17,463;18,960;18,808;18,555;17,432
castillalamancha;5.2.-Robos con fuerza en las cosas;10,912;11,034;10,344;8,622;9,102;11,888;13,287;13,183;14,383;15,750;16,892;18,593;18,255;17,690;17,045
castillalamancha;5.2.1.-Robos con fuerza en las cosas en el interior de vehiculos;2,803;2,767;2,349;2,010;2,248;2,688;2,917;2,583;2,651;2,760;2,767;3,126;3,357;3,261;2,249
castillalamancha;5.2.2.-Robos con fuerza en viviendas;3,552;3,588;3,307;3,086;3,473;4,754;5,509;5,500;5,937;6,248;6,627;7,025;6,711;5,728;5,049
castillalamancha;5.2.3.-Robos con fuerza en establecimientos;1,471;1,369;1,406;1,236;1,186;1,685;1,804;2,159;2,215;2,127;2,073;2,197;2,215;2,572;2,867
castillalamancha;5.3.-Robos con violencia o intimidacion;938;926;899;882;754;978;968;1,026;1,006;1,010;1,091;1,388;1,419;1,346;1,220
castillalamancha;5.3.1.-Robos con violencia en via pública;482;512;534;508;398;586;570;614;608;644;690;849;873;804;772
castillalamancha;5.3.2.-Robos con violencia en viviendas;137;134;97;84;95;82;98;80;82;83;95;137;127;130;95
castillalamancha;5.3.3.-Robos con violencia en establecimientos;185;166;149;172;172;162;150;166;150;123;159;188;205;191;226
castillalamancha;5.4.-Sustraccion de vehiculos;752;645;654;521;488;615;668;1,105;1,511;1,283;1,197;1,261;1,450;1,661;1,876
castillalamancha;5.5.-Estafas;18,255;19,751;18,821;14,220;13,307;11,708;9,482;6,232;4,945;4,457;3,957;3,674;3,751;3,306;2,754
castillalamancha;5.5.1.-Estafas informaticas;16,038;17,335;13,608;9,797;8,405;6,445;4,789;2,796;2,075;2,012;1,509;1,255;1,092;861;689
castillalamancha;5.6.-Danos;9,082;8,893;9,024;8,075;7,228;8,681;8,469;7,785;7,335;7,897;8,177;8,434;8,840;8,962;9,568
castillalamancha;5.7.-Contra la propiedad intelectual/industrial;51;32;20;18;14;38;86;29;23;22;37;55;48;57;81
castillalamancha;5.8.-Blanqueo de capitales;39;49;32;21;13;19;8;8;8;5;4;4;3;6;6
castillalamancha;5.9.-Otros contra el patrimonio;3,119;2,756;2,859;2,570;2,411;2,715;2,428;1,960;1,648;1,622;1,830;1,299;1,042;911;720
cataluna;1. CONTRA LAS PERSONAS;25,769;23,941;23,180;19,854;16,105;21,109;20,684;20,582;19,569;27,269;36,313;35,622;37,270;38,159;37,650
cataluna;1.1.-Homicidios dolosos/asesinatos;353;310;264;270;198;248;213;209;196;151;197;178;275;242;270
cataluna;1.1.1.-Homicidios dolosos/asesinatos consumados;69;71;63;57;48;58;45;65;54;42;57;43;74;76;97
cataluna;1.2.-Lesiones;16,111;15,019;14,828;12,456;9,617;14,002;13,726;13,698;13,227;13,296;13,505;13,579;14,751;15,687;15,552
cataluna;1.3.-Malos tratos ambito familiar;8,646;8,064;7,644;6,748;5,938;6,488;6,358;6,251;6,112;5,828;6,230;6,311;6,266;6,365;6,481
cataluna;1.4.-Otros contra las personas;659;548;444;380;352;371;387;424;34;7,994;16,381;15,554;15,978;15,865;15,347
cataluna;2. CONTRA LA LIBERTAD;24,332;23,322;21,400;20,540;15,736;18,675;18,562;18,110;18,226;15,034;10,222;10,144;10,819;10,904;10,503
cataluna;2.1.-Malos tratos habituales en el ambito familiar;1,738;1,794;1,716;1,693;1,315;1,507;1,730;1,740;1,962;2,771;2,574;2,621;3,301;3,370;3,878
cataluna;2.2.-Otros contra la libertad;22,594;21,528;19,684;18,847;14,421;17,168;16,832;16,370;16,264;12,263;7,648;7,523;7,518;7,534;6,625
cataluna;3. LIBERTAD SEXUAL;4,589;4,361;3,671;3,316;2,306;3,034;2,598;2,212;2,249;1,928;1,877;1,647;1,633;1,862;1,825
cataluna;3.1.-Agresion sexual;2,249;2,095;1,986;1,766;1,149;1,545;1,277;1,151;1,301;970;904;795;844;931;823
cataluna;3.2.-Agresion sexual con penetracion;1,744;1,589;1,184;1,091;695;953;821;600;455;439;457;415;388;469;495
cataluna;3.3.-Corrupcion de menores o incapacitados;10;8;17;5;4;7;6;5;4;16;8;5;6;11;59
cataluna;3.4.-Pornografia de menores;174;198;189;140;172;211;225;168;157;195;182;122;138;173;157
cataluna;3.5.-Otros contra la libertad sexual;412;471;295;314;286;318;269;288;332;308;326;310;257;278;291
cataluna;4. RELACIONES FAMILIARES;1,085;1,110;1,082;1,022;953;1,134;1,216;1,320;1,417;2,012;2,294;2,358;2,416;2,087;1,800
cataluna;5. PATRIMONIO;424,724;431,028;400,321;322,683;300,574;425,113;409,295;361,790;344,365;350,445;351,985;361,187;379,323;375,452;388,023
cataluna;5.1.-Hurtos;168,501;170,164;162,170;118,746;110,685;192,053;192,054;173,684;162,942;165,519;164,413;166,537;177,583;179,788;181,198
cataluna;5.2.-Robos con fuerza en las cosas;60,278;62,232;64,306;57,748;55,190;76,612;71,069;65,020;66,104;68,484;71,452;78,187;83,150;83,564;93,702
cataluna;5.2.1.-Robos con fuerza en las cosas en el interior de vehiculos;27,885;27,779;29,452;29,150;148;33,293;27,340;24,940;24,579;23,665;25,644;30,795;33,772;37,019;44,719
cataluna;5.2.2.-Robos con fuerza en viviendas;17,465;18,485;20,019;16,631;17,116;23,753;25,792;23,313;23,655;24,592;22,825;23,636;23,319;21,249;21,337
cataluna;5.2.3.-Robos con fuerza en establecimientos;6,828;7,502;6,671;5,174;6,744;11;9;7;21;18;11;8;8;19;26
cataluna;5.3.-Robos con violencia o intimidacion;24,734;25,421;25,049;20,501;17,082;26,448;22,506;20,615;20,152;21,514;24,213;28,950;31,792;27,961;25,154
cataluna;5.3.1.-Robos con violencia en via pública;18,165;18,950;18,090;14,773;12,297;82;69;61;66;81;57;64;77;54;63
cataluna;5.3.2.-Robos con violencia en viviendas;982;1,012;1,098;959;861;390;387;386;344;343;642;1,408;1,595;1,325;1,344
cataluna;5.3.3.-Robos con violencia en establecimientos;2,495;2,211;2,495;1,996;1,682;11;8;6;6;7;4;6;7;8;10
cataluna;5.4.-Sustraccion de vehiculos;8,545;8,466;7,411;6,168;6,130;9,711;9,193;8,855;7,976;8,651;9,102;10,426;11,227;11,887;12,538
cataluna;5.5.-Estafas;107,662;111,977;88,657;67,922;64,214;63,313;62,522;45,006;38,526;35,532;29,703;25,363;24,758;17,427;16,275
cataluna;5.5.1.-Estafas informaticas;72,139;73,994;61,607;47,314;46,982;40,016;36,808;26,574;18,077;15,791;593;585;583;491;552
cataluna;5.6.-Danos;39,165;38,765;39,074;38,295;35,469;43,433;40,176;38,529;38,365;38,961;37,739;39,097;40,860;43,557;47,961
cataluna;5.7.-Contra la propiedad intelectual/industrial;301;235;243;288;178;260;346;233;352;376;421;444;553;670;596
cataluna;5.8.-Blanqueo de capitales;98;66;47;38;31;22;23;27;42;29;34;34;28;28;21
cataluna;5.9.-Otros contra el patrimonio;15,440;13,702;13,364;12,977;11,595;13,261;11,406;9,821;9,906;11,379;14,908;12,149;9,372;10,570;10,578
valencia;1. CONTRA LAS PERSONAS;30,880;28,927;27,316;23,240;20,231;23,332;22,039;21,164;20,598;26,573;33,506;32,380;33,893;34,817;34,995
valencia;1.1.-Homicidios dolosos/asesinatos;195;200;175;152;126;148;118;106;125;100;100;76;114;125;106
valencia;1.1.1.-Homicidios dolosos/asesinatos consumados;57;34;38;35;37;40;25;41;30;48;32;32;51;46;46
valencia;1.2.-Lesiones;14,906;14,127;13,947;11,279;9,208;11,815;11,366;11,154;11,061;10,833;11,396;11,626;12,168;12,963;12,694
valencia;1.3.-Malos tratos ambito familiar;15,062;14,053;12,711;11,402;10,608;11,011;10,209;9,653;9,254;9,032;8,763;8,356;8,319;8,416;9,012
valencia;1.4.-Otros contra las personas;717;547;483;407;289;358;346;251;158;6,608;13,247;12,322;13,292;13,313;13,183
valencia;2. CONTRA LA LIBERTAD;18,058;17,389;15,991;15,180;13,334;13,046;12,488;12,282;11,726;7,906;4,413;4,454;4,640;4,863;4,431
valencia;2.1.-Malos tratos habituales en el ambito familiar;2,212;2,480;2,441;1,847;1,631;1,764;1,670;1,500;1,488;1,518;1,721;1,762;1,908;1,973;1,573
valencia;2.2.-Otros contra la libertad;15,846;14,909;13,550;13,333;11,703;11,282;10,818;10,782;10,238;6,388;2,692;2,692;2,732;2,890;2,858
valencia;3. LIBERTAD SEXUAL;2,679;2,575;2,390;2,173;1,518;1,749;1,580;1,348;1,343;1,216;1,143;1,102;1,175;1,244;1,303
valencia;3.1.-Agresion sexual;1,711;1,666;1,485;1,407;904;1,057;988;797;775;658;625;567;653;640;636
valencia;3.2.-Agresion sexual con penetracion;514;472;513;387;279;289;252;179;186;156;154;202;163;226;230
valencia;3.3.-Corrupcion de menores o incapacitados;57;53;66;67;43;57;35;76;52;86;63;57;55;45;39
valencia;3.4.-Pornografia de menores;109;89;78;73;62;100;87;85;78;88;71;59;73;109;167
valencia;3.5.-Otros contra la libertad sexual;288;295;248;239;230;246;218;211;252;228;230;217;231;224;231
valencia;4. RELACIONES FAMILIARES;936;910;912;838;793;858;890;889;880;988;1,056;967;1,018;941;802
valencia;5. PATRIMONIO;204,439;211,176;191,865;161,695;137,438;174,091;175,524;173,357;177,644;179,704;187,271;201,297;217,131;221,719;225,991
valencia;5.1.-Hurtos;73,828;77,573;71,315;57,738;43,801;68,122;70,169;73,922;77,169;78,850;80,030;84,869;88,359;89,452;90,667
valencia;5.2.-Robos con fuerza en las cosas;35,094;37,462;33,752;28,638;26,465;35,068;36,312;37,439;40,730;41,473;47,121;53,803;59,885;63,936;67,089
valencia;5.2.1.-Robos con fuerza en las cosas en el interior de vehiculos;12,825;14,322;11,423;9,144;8,189;10,880;9,906;11,287;11,346;10,618;12,860;15,308;18,383;21,679;15,266
valencia;5.2.2.-Robos con fuerza en viviendas;14,335;14,495;14,601;12,853;11,681;15,271;17,440;16,928;19,096;19,712;21,449;23,665;25,388;18,988;23,268
valencia;5.2.3.-Robos con fuerza en establecimientos;3,166;3,788;3,216;2,858;3,276;4,276;4,222;4,472;4,919;4,850;5,424;5,681;6,056;6,155;7,526
valencia;5.3.-Robos con violencia o intimidacion;6,242;6,170;5,663;4,578;3,772;4,950;5,065;5,393;5,917;6,152;6,988;9,141;10,643;10,166;10,385
valencia;5.3.1.-Robos con violencia en via pública;3,803;3,812;3,532;2,732;2,189;3,020;2,976;3,341;3,725;3,925;4,542;5,974;7,154;5,767;7,295
valencia;5.3.2.-Robos con violencia en viviendas;539;491;449;442;397;452;442;456;462;535;569;770;848;670;646
valencia;5.3.3.-Robos con violencia en establecimientos;1,015;957;839;754;628;766;818;805;851;782;911;1,138;1,163;1,048;1,288
valencia;5.4.-Sustraccion de vehiculos;3,302;3,258;3,160;2,491;2,377;3,190;3,282;3,918;4,390;4,358;4,660;5,119;5,986;7,072;8,033
valencia;5.5.-Estafas;51,182;51,860;43,615;36,352;32,774;29,697;27,937;20,851;17,631;15,845;13,978;12,428;12,604;11,011;9,050
valencia;5.5.1.-Estafas informaticas;40,723;41,313;29,040;24,428;21,917;15,758;11,283;7,989;6,246;5,004;3,898;3,133;3,193;2,451;2,269
valencia;5.6.-Danos;26,233;26,859;26,456;25,274;22,310;26,649;26,842;26,863;27,228;27,949;29,589;31,442;35,361;36,589;37,604
valencia;5.7.-Contra la propiedad intelectual/industrial;229;225;195;196;146;177;285;235;245;254;243;302;316;283;494
valencia;5.8.-Blanqueo de capitales;129;78;55;77;63;55;55;46;44;24;30;50;21;7;11
valencia;5.9.-Otros contra el patrimonio;8,200;7,691;7,654;6,351;5,730;6,183;5,577;4,690;4,290;4,799;4,632;4,143;3,956;3,203;2,658
extremadura;1. CONTRA LAS PERSONAS;3,883;3,787;3,304;3,086;2,740;3,185;3,097;3,184;3,130;4,245;5,421;5,210;5,312;5,655;6,059
extremadura;1.1.-Homicidios dolosos/asesinatos;35;21;10;25;21;13;17;24;17;9;13;17;21;26;15
extremadura;1.1.1.-Homicidios dolosos/asesinatos consumados;7;4;3;4;9;5;4;8;7;1;4;7;13;10;3
extremadura;1.2.-Lesiones;2,349;2,357;1,972;1,849;1,579;1,932;1,955;2,087;2,059;1,902;1,936;1,926;2,057;2,150;2,380
extremadura;1.3.-Malos tratos ambito familiar;1,433;1,347;1,267;1,146;1,084;1,173;1,050;1,034;1,019;1,013;986;980;961;948;924
extremadura;1.4.-Otros contra las personas;66;62;55;66;56;67;75;39;35;1,321;2,486;2,287;2,273;2,531;2,740
extremadura;2. CONTRA LA LIBERTAD;3,163;3,069;2,637;2,602;2,382;2,423;2,198;2,233;2,092;1,312;706;663;629;683;570
extremadura;2.1.-Malos tratos habituales en el ambito familiar;309;311;272;311;261;265;208;208;246;277;305;320;262;267;206
extremadura;2.2.-Otros contra la libertad;2,854;2,758;2,365;2,291;2,121;2,158;1,990;2,025;1,846;1,035;401;343;367;416;364
extremadura;3. LIBERTAD SEXUAL;393;310;295;223;184;214;209;153;157;164;143;147;134;178;159
extremadura;3.1.-Agresion sexual;232;188;198;136;112;135;131;90;96;91;72;88;89;105;85
extremadura;3.2.-Agresion sexual con penetracion;64;44;51;36;24;25;33;16;20;20;13;27;20;24;27
extremadura;3.3.-Corrupcion de menores o incapacitados;38;12;8;10;8;12;5;5;11;10;12;6;3;5;8
extremadura;3.4.-Pornografia de menores;7;11;10;12;5;9;11;12;7;15;9;8;5;16;18
extremadura;3.5.-Otros contra la libertad sexual;52;55;28;29;35;33;29;30;23;28;37;18;17;28;21
extremadura;4. RELACIONES FAMILIARES;246;231;238;214;204;224;209;216;207;231;252;251;248;159;182
extremadura;5. PATRIMONIO;22,650;23,968;22,187;17,870;16,499;18,583;18,333;18,059;18,274;18,942;19,164;20,336;20,166;19,568;20,060
extremadura;5.1.-Hurtos;6,292;6,793;6,388;4,820;4,228;6,566;6,616;7,245;7,456;8,083;8,619;9,523;9,014;8,411;8,710
extremadura;5.2.-Robos con fuerza en las cosas;3,433;3,740;3,490;2,773;2,876;3,379;3,747;3,994;4,414;4,585;4,687;5,079;5,207;5,313;5,273
extremadura;5.2.1.-Robos con fuerza en las cosas en el interior de vehiculos;641;792;565;511;481;706;685;745;880;878;877;971;1,129;1,260;1,224
extremadura;5.2.2.-Robos con fuerza en viviendas;1,180;1,266;1,198;962;990;994;1,178;1,288;1,337;1,334;1,407;1,439;1,398;1,030;1,187
extremadura;5.2.3.-Robos con fuerza en establecimientos;562;579;614;461;559;646;818;862;962;904;931;965;918;1,033;1,080
extremadura;5.3.-Robos con violencia o intimidacion;288;312;296;224;211;320;252;277;302;308;297;390;388;378;441
extremadura;5.3.1.-Robos con violencia en via pública;136;147;154;121;102;177;138;152;175;187;174;206;239;222;275
extremadura;5.3.2.-Robos con violencia en viviendas;33;47;52;33;29;35;27;23;30;38;27;48;37;42;29
extremadura;5.3.3.-Robos con violencia en establecimientos;84;81;61;49;58;71;57;66;56;52;55;81;73;71;100
extremadura;5.4.-Sustraccion de vehiculos;167;195;163;152;151;144;160;336;416;382;379;402;418;560;610
extremadura;5.5.-Estafas;7,816;8,335;7,595;5,765;5,381;3,873;3,454;2,268;1,953;1,748;1,344;1,048;1,124;1,005;907
extremadura;5.5.1.-Estafas informaticas;7,050;7,449;6,577;4,594;3,917;2,410;1,879;1,031;852;602;517;330;400;287;279
extremadura;5.6.-Danos;3,653;3,654;3,521;3,380;2,967;3,504;3,225;3,326;3,171;3,196;3,173;3,269;3,510;3,560;3,816
extremadura;5.7.-Contra la propiedad intelectual/industrial;16;25;12;15;25;42;63;23;37;34;37;48;36;43;58
extremadura;5.8.-Blanqueo de capitales;12;7;4;7;5;2;1;2;3;3;1;0;0;0;0
extremadura;5.9.-Otros contra el patrimonio;973;907;718;734;655;753;815;588;522;603;627;577;469;298;245
galicia;1. CONTRA LAS PERSONAS;9,976;9,981;9,217;7,841;7,268;8,027;8,039;7,927;7,854;11,296;14,264;14,182;14,814;14,957;14,617
galicia;1.1.-Homicidios dolosos/asesinatos;63;70;52;52;44;41;33;40;35;56;62;50;46;53;50
galicia;1.1.1.-Homicidios dolosos/asesinatos consumados;18;18;7;18;11;16;8;13;12;19;20;15;16;14;17
galicia;1.2.-Lesiones;5,834;5,748;5,454;4,606;4,044;4,804;4,876;4,905;4,989;5,114;5,147;5,337;5,765;5,977;5,876
galicia;1.3.-Malos tratos ambito familiar;3,660;3,810;3,480;2,979;3,022;3,004;2,939;2,832;2,714;2,651;2,559;2,645;2,435;2,525;2,477
galicia;1.4.-Otros contra las personas;419;353;231;204;158;178;191;150;116;3,475;6,496;6,150;6,568;6,402;6,214
galicia;2. CONTRA LA LIBERTAD;8,189;7,986;6,959;6,840;6,035;5,692;5,819;5,935;5,838;3,736;1,761;1,667;1,761;1,807;1,750
galicia;2.1.-Malos tratos habituales en el ambito familiar;843;859;691;606;620;700;631;658;703;651;635;635;658;784;851
galicia;2.2.-Otros contra la libertad;7,346;7,127;6,268;6,234;5,415;4,992;5,188;5,277;5,135;3,085;1,126;1,032;1,103;1,023;899
galicia;3. LIBERTAD SEXUAL;880;924;719;707;547;634;536;459;434;434;377;340;358;398;389
galicia;3.1.-Agresion sexual;525;502;433;396;309;368;341;281;241;263;227;196;222;240;213
galicia;3.2.-Agresion sexual con penetracion;179;201;155;144;108;124;88;60;65;70;64;69;60;63;75
galicia;3.3.-Corrupcion de menores o incapacitados;10;12;19;8;7;14;4;15;19;11;25;18;14;6;10
galicia;3.4.-Pornografia de menores;40;43;29;40;36;39;36;30;33;37;18;17;19;26;37
galicia;3.5.-Otros contra la libertad sexual;126;166;83;119;87;89;67;73;76;53;43;40;43;63;54
galicia;4. RELACIONES FAMILIARES;249;204;190;167;177;171;190;224;242;286;298;236;236;169;169
galicia;5. PATRIMONIO;66,023;65,713;68,054;63,769;50,924;56,924;55,664;51,864;52,691;53,286;53,652;56,486;56,690;54,185;51,987
galicia;5.1.-Hurtos;19,620;20,300;19,527;15,367;12,348;18,846;19,903;20,320;21,326;22,032;23,027;24,200;23,606;22,464;21,461
galicia;5.2.-Robos con fuerza en las cosas;8,954;9,491;8,661;7,873;7,538;9,618;9,990;10,055;10,893;11,616;12,017;13,303;13,300;12,513;11,989
galicia;5.2.1.-Robos con fuerza en las cosas en el interior de vehiculos;3,076;3,251;3,193;2,917;2,288;2,759;2,945;3,022;3,040;2,827;2,909;3,302;3,667;3,384;2,213
galicia;5.2.2.-Robos con fuerza en viviendas;2,575;2,684;2,690;2,593;2,403;3,135;3,395;3,402;3,684;4,235;4,314;4,563;3,845;2,875;2,731
galicia;5.2.3.-Robos con fuerza en establecimientos;1,728;1,934;1,361;1,110;1,568;2,072;1,933;1,979;2,320;2,264;2,468;2,696;2,810;2,582;2,756
galicia;5.3.-Robos con violencia o intimidacion;997;1,049;963;853;767;945;951;1,057;1,086;1,070;1,116;1,338;1,558;1,364;1,440
galicia;5.3.1.-Robos con violencia en via pública;538;552;529;474;343;450;497;572;565;567;632;668;877;692;895
galicia;5.3.2.-Robos con violencia en viviendas;126;100;95;84;105;114;119;117;122;113;137;150;142;120;119
galicia;5.3.3.-Robos con violencia en establecimientos;224;274;215;197;224;234;212;217;243;253;220;346;340;299;305
galicia;5.4.-Sustraccion de vehiculos;547;580;528;405;437;604;584;794;1,032;980;1,258;1,435;1,696;1,750;1,934
galicia;5.5.-Estafas;22,817;21,800;25,902;28,236;19,807;15,690;12,961;8,590;7,197;6,171;4,866;4,168;3,983;3,383;2,934
galicia;5.5.1.-Estafas informaticas;20,032;18,721;18,456;19,496;12,696;9,999;6,836;4,428;3,070;2,628;1,882;1,518;1,456;1,070;946
galicia;5.6.-Danos;10,084;9,927;10,280;9,089;8,188;9,311;9,413;9,537;9,760;9,924;9,934;10,771;11,394;11,670;11,332
galicia;5.7.-Contra la propiedad intelectual/industrial;36;37;40;29;31;101;117;54;53;77;73;112;98;116;159
galicia;5.8.-Blanqueo de capitales;40;13;13;4;17;8;13;11;11;8;2;3;7;0;2
galicia;5.9.-Otros contra el patrimonio;2,928;2,516;2,140;1,913;1,791;1,801;1,732;1,446;1,333;1,408;1,359;1,156;1,048;925;736
madrid;1. CONTRA LAS PERSONAS;36,458;34,880;33,243;29,383;25,967;29,288;27,360;27,093;25,275;30,615;35,230;35,149;37,374;38,965;39,030
madrid;1.1.-Homicidios dolosos/asesinatos;176;206;183;131;136;110;114;125;117;90;110;90;107;95;98
madrid;1.1.1.-Homicidios dolosos/asesinatos consumados;21;33;46;37;38;32;36;39;33;30;41;37;48;46;51
madrid;1.2.-Lesiones;14,141;13,662;13,585;12,094;10,596;13,704;13,078;13,088;12,717;12,700;12,354;12,860;13,361;14,689;14,764
madrid;1.3.-Malos tratos ambito familiar;21,237;20,263;18,839;16,618;14,809;14,907;13,753;13,546;12,111;11,249;11,061;10,396;10,683;10,587;10,360
madrid;1.4.-Otros contra las personas;904;749;636;540;426;567;415;334;330;6,576;11,705;11,803;13,223;13,594;13,808
madrid;2. CONTRA LA LIBERTAD;19,476;18,647;17,369;17,576;15,636;15,655;14,497;14,066;13,350;8,609;3,784;3,797;3,846;4,105;3,796
madrid;2.1.-Malos tratos habituales en el ambito familiar;1,326;1,347;1,183;1,284;1,104;1,223;1,038;1,137;1,025;1,145;1,096;1,114;1,184;1,384;1,173
madrid;2.2.-Otros contra la libertad;18,150;17,300;16,186;16,292;14,532;14,432;13,459;12,929;12,325;7,464;2,688;2,683;2,662;2,721;2,623
madrid;3. LIBERTAD SEXUAL;3,212;3,066;2,663;2,420;1,976;2,215;2,014;1,776;1,551;1,415;1,401;1,320;1,310;1,443;1,339
madrid;3.1.-Agresion sexual;1,940;1,804;1,578;1,390;1,084;1,292;1,172;977;864;770;752;710;750;799;708
madrid;3.2.-Agresion sexual con penetracion;665;649;613;538;473;455;408;368;302;284;296;267;273;306;298
madrid;3.3.-Corrupcion de menores o incapacitados;56;50;43;46;46;55;45;57;63;47;41;46;29;16;29
madrid;3.4.-Pornografia de menores;124;135;88;104;95;108;99;94;55;87;73;67;67;91;90
madrid;3.5.-Otros contra la libertad sexual;427;428;341;342;278;305;290;280;267;227;239;230;191;231;214
madrid;4. RELACIONES FAMILIARES;747;723;862;930;754;822;862;804;893;1,228;1,241;1,232;1,302;1,174;726
madrid;5. PATRIMONIO;306,730;323,394;319,089;269,675;243,275;337,836;325,802;319,369;314,569;304,377;304,167;317,363;329,046;325,156;336,388
madrid;5.1.-Hurtos;117,488;128,366;132,920;108,778;92,213;154,169;152,704;156,329;150,409;144,569;145,386;151,459;152,503;153,109;156,514
madrid;5.2.-Robos con fuerza en las cosas;40,866;41,106;39,960;33,408;31,715;47,391;49,133;48,650;54,586;52,667;55,553;59,488;63,266;65,192;70,721
madrid;5.2.1.-Robos con fuerza en las cosas en el interior de vehiculos;23,193;21,961;21,974;17,229;15,947;24,125;24,583;24,412;26,262;24,021;25,162;29,116;34,034;36,153;34,265
madrid;5.2.2.-Robos con fuerza en viviendas;8,805;9,336;9,518;8,243;7,052;11,469;12,781;12,562;15,783;15,915;16,656;15,924;14,341;11,279;13,005
madrid;5.2.3.-Robos con fuerza en establecimientos;4,518;4,998;4,034;3,940;4,972;6,462;6,282;6,457;7,175;6,488;7,154;7,347;7,457;7,016;7,890
madrid;5.3.-Robos con violencia o intimidacion;11,074;12,015;12,626;12,153;10,688;15,372;14,268;16,314;16,992;17,454;18,466;21,921;24,795;21,619;20,832
madrid;5.3.1.-Robos con violencia en via pública;7,613;8,252;8,560;8,283;7,362;10,896;9,938;11,551;12,130;12,307;13,157;15,807;18,007;15,033;15,318
madrid;5.3.2.-Robos con violencia en viviendas;580;646;582;721;633;871;881;1,093;1,134;1,463;1,754;2,013;2,116;1,576;1,213
madrid;5.3.3.-Robos con violencia en establecimientos;1,474;1,495;1,661;1,277;1,304;1,595;1,572;1,616;1,547;1,607;1,610;1,829;1,929;1,776;2,205
madrid;5.4.-Sustraccion de vehiculos;6,946;7,061;7,397;6,922;6,235;8,030;8,620;10,715;10,504;10,113;10,352;12,333;13,236;13,571;13,739
madrid;5.5.-Estafas;85,927;90,148;80,979;66,395;64,133;62,020;51,869;38,712;32,206;28,952;23,698;21,601;22,223;20,151;21,502
madrid;5.5.1.-Estafas informaticas;65,361;71,534;57,794;46,978;44,139;32,841;16,509;8,887;7,210;7,001;5,128;4,625;4,826;3,665;3,226
madrid;5.6.-Danos;33,695;34,276;35,696;34,336;31,429;42,315;40,852;41,989;44,007;43,823;43,351;44,149;47,782;47,421;49,311
madrid;5.7.-Contra la propiedad intelectual/industrial;225;119;183;93;76;202;234;235;255;285;472;709;543;470;819
madrid;5.8.-Blanqueo de capitales;111;81;73;47;42;35;32;43;37;74;36;34;49;30;37
madrid;5.9.-Otros contra el patrimonio;10,398;10,222;9,255;7,543;6,744;8,302;8,090;6,382;5,573;6,440;6,853;5,669;4,649;3,593;2,913
murcia;1. CONTRA LAS PERSONAS;8,773;8,520;7,590;6,658;5,597;6,237;6,010;6,033;5,768;7,534;8,920;8,457;9,550;10,017;9,882
murcia;1.1.-Homicidios dolosos/asesinatos;83;80;59;60;51;39;36;45;34;37;33;26;36;39;43
murcia;1.1.1.-Homicidios dolosos/asesinatos consumados;14;15;8;14;10;13;11;14;12;12;8;5;10;10;15
murcia;1.2.-Lesiones;4,729;4,325;4,129;3,484;2,966;3,449;3,333;3,379;3,185;3,241;3,289;3,209;3,545;3,727;3,953
murcia;1.3.-Malos tratos ambito familiar;3,756;3,957;3,290;3,030;2,504;2,678;2,580;2,566;2,510;2,516;2,400;2,319;2,415;2,478;2,391
murcia;1.4.-Otros contra las personas;205;158;112;84;76;71;61;43;39;1,740;3,198;2,903;3,554;3,773;3,495
murcia;2. CONTRA LA LIBERTAD;5,811;5,396;4,748;4,415;4,019;3,741;3,414;3,312;3,032;2,122;1,169;1,128;1,191;1,294;1,169
murcia;2.1.-Malos tratos habituales en el ambito familiar;330;388;352;354;378;364;337;317;318;329;301;306;313;389;428
murcia;2.2.-Otros contra la libertad;5,481;5,008;4,396;4,061;3,641;3,377;3,077;2,995;2,714;1,793;868;822;878;905;741
murcia;3. LIBERTAD SEXUAL;890;721;620;613;505;535;478;391;379;368;377;288;285;316;288
murcia;3.1.-Agresion sexual;553;472;436;395;296;341;312;240;229;197;207;152;160;186;146
murcia;3.2.-Agresion sexual con penetracion;139;110;93;110;94;73;68;59;51;53;59;55;59;62;63
murcia;3.3.-Corrupcion de menores o incapacitados;90;22;7;16;14;18;15;7;14;17;18;4;7;3;14
murcia;3.4.-Pornografia de menores;28;33;20;27;32;27;14;18;16;22;14;10;10;14;9
murcia;3.5.-Otros contra la libertad sexual;80;84;64;65;69;76;69;67;69;79;79;67;49;51;56
murcia;4. RELACIONES FAMILIARES;654;660;592;615;534;552;588;570;535;581;573;493;571;505;490
murcia;5. PATRIMONIO;51,417;52,383;49,030;40,153;35,539;41,700;40,812;38,611;38,128;39,276;37,824;40,564;41,734;41,304;41,988
murcia;5.1.-Hurtos;16,201;16,564;15,475;11,925;9,925;15,138;14,888;15,261;15,735;16,697;15,551;17,166;17,034;16,390;16,128
murcia;5.2.-Robos con fuerza en las cosas;9,862;10,318;10,214;9,127;8,287;10,780;11,206;11,571;11,120;11,376;11,745;12,637;12,954;13,165;13,907
murcia;5.2.1.-Robos con fuerza en las cosas en el interior de vehiculos;3,150;3,248;2,922;2,940;2,352;2,902;2,805;3,223;3,099;2,885;2,635;2,898;3,030;3,883;2,365
murcia;5.2.2.-Robos con fuerza en viviendas;3,949;3,909;4,001;3,793;3,796;5,017;5,662;5,826;5,370;5,068;5,429;5,878;5,534;4,228;4,972
murcia;5.2.3.-Robos con fuerza en establecimientos;1,146;1,356;1,306;1,028;859;1,096;1,073;1,105;1,173;1,319;1,616;1,372;1,668;1,454;1,433
murcia;5.3.-Robos con violencia o intimidacion;2,153;2,071;1,999;1,375;1,207;1,536;1,444;1,458;1,495;1,480;1,433;1,690;1,787;1,723;1,581
murcia;5.3.1.-Robos con violencia en via pública;1,332;1,307;1,293;809;742;917;968;938;962;925;930;1,073;1,181;946;1,079
murcia;5.3.2.-Robos con violencia en viviendas;179;143;130;112;123;124;109;131;123;139;157;150;148;121;101
murcia;5.3.3.-Robos con violencia en establecimientos;376;345;317;236;176;258;191;197;189;204;193;246;210;248;250
murcia;5.4.-Sustraccion de vehiculos;935;970;774;666;726;909;951;1,293;1,352;1,332;1,224;1,422;1,582;1,747;2,393
murcia;5.5.-Estafas;13,902;14,416;12,221;9,632;8,822;6,657;5,948;3,246;2,846;2,543;2,236;2,047;2,315;1,914;1,483
murcia;5.5.1.-Estafas informaticas;11,558;12,310;8,651;6,754;5,887;3,358;2,034;1,183;885;718;581;428;482;306;297
murcia;5.6.-Danos;5,890;5,752;6,140;5,447;4,733;4,813;4,848;4,783;4,715;4,661;4,668;4,730;5,202;5,622;5,869
murcia;5.7.-Contra la propiedad intelectual/industrial;34;37;37;45;50;43;52;55;46;61;44;69;50;58;143
murcia;5.8.-Blanqueo de capitales;14;11;10;15;13;8;4;5;6;7;1;8;3;5;7
murcia;5.9.-Otros contra el patrimonio;2,426;2,244;2,160;1,921;1,776;1,816;1,471;939;813;1,119;922;795;807;680;477
navarra;1. CONTRA LAS PERSONAS;3,231;3,028;3,098;2,470;2,109;2,693;2,589;2,427;2,352;2,945;4,294;3,712;2,563;2,961;2,726
navarra;1.1.-Homicidios dolosos/asesinatos;26;38;24;23;23;18;25;28;7;15;15;15;10;16;13
navarra;1.1.1.-Homicidios dolosos/asesinatos consumados;4;6;3;2;1;5;10;7;1;3;1;4;2;5;3
navarra;1.2.-Lesiones;1,945;1,784;1,838;1,448;1,108;1,638;1,506;1,409;1,382;1,299;1,484;1,321;928;1,040;973
navarra;1.3.-Malos tratos ambito familiar;1,171;1,102;1,109;936;933;1,001;1,016;956;929;759;823;660;444;456;541
navarra;1.4.-Otros contra las personas;89;104;127;63;45;36;42;34;34;872;1,972;1,716;1,181;1,449;1,199
navarra;2. CONTRA LA LIBERTAD;2,678;2,522;2,343;2,060;1,712;1,799;1,681;1,677;1,812;977;523;748;974;711;675
navarra;2.1.-Malos tratos habituales en el ambito familiar;319;310;246;150;143;151;111;128;119;137;113;118;176;146;119
navarra;2.2.-Otros contra la libertad;2,359;2,212;2,097;1,910;1,569;1,648;1,570;1,549;1,693;840;410;630;798;565;556
navarra;3. LIBERTAD SEXUAL;532;462;347;264;241;232;271;232;219;139;160;119;111;113;130
navarra;3.1.-Agresion sexual;335;274;218;144;129;126;144;127;109;60;107;76;58;67;95
navarra;3.2.-Agresion sexual con penetracion;72;82;76;66;36;52;64;49;51;26;28;14;14;18;14
navarra;3.3.-Corrupcion de menores o incapacitados;8;18;11;17;15;8;7;19;18;9;4;13;14;6;6
navarra;3.4.-Pornografia de menores;36;25;6;8;13;7;12;10;6;8;5;1;3;7;8
navarra;3.5.-Otros contra la libertad sexual;81;63;36;29;48;39;44;27;35;36;16;15;22;15;7
navarra;4. RELACIONES FAMILIARES;96;94;96;100;96;74;73;94;89;122;97;119;87;105;82
navarra;5. PATRIMONIO;25,425;25,568;23,928;18,724;16,861;21,485;19,908;18,463;18,875;17,511;19,231;17,447;15,739;14,576;13,770
navarra;5.1.-Hurtos;8,280;8,661;8,108;5,523;4,469;8,538;7,741;7,572;8,259;7,845;8,954;8,231;6,661;6,124;5,834
navarra;5.2.-Robos con fuerza en las cosas;3,223;2,939;2,850;2,358;2,202;2,912;3,093;2,877;3,253;2,833;3,505;3,310;3,733;3,667;3,570
navarra;5.2.1.-Robos con fuerza en las cosas en el interior de vehiculos;904;628;649;510;635;744;819;664;927;617;691;741;719;690;492
navarra;5.2.2.-Robos con fuerza en viviendas;1,073;1,034;985;824;666;1,006;987;955;1,029;967;1,133;1,058;1,176;868;854
navarra;5.2.3.-Robos con fuerza en establecimientos;347;419;419;399;388;458;476;504;440;342;520;473;545;601;626
navarra;5.3.-Robos con violencia o intimidacion;472;467;422;298;226;331;255;432;424;351;309;354;313;175;218
navarra;5.3.1.-Robos con violencia en via pública;331;346;303;200;151;232;173;299;302;203;203;219;178;95;117
navarra;5.3.2.-Robos con violencia en viviendas;25;22;27;16;17;17;20;24;23;27;23;23;31;10;15
navarra;5.3.3.-Robos con violencia en establecimientos;76;57;55;43;32;54;44;57;44;68;48;60;56;32;46
navarra;5.4.-Sustraccion de vehiculos;169;154;132;122;131;183;173;169;214;186;244;268;187;216;207
navarra;5.5.-Estafas;8,576;9,253;7,834;6,023;6,393;5,440;4,651;3,526;2,935;2,633;2,064;1,540;1,565;1,262;1,138
navarra;5.5.1.-Estafas informaticas;6,090;6,576;4,816;3,673;3,903;2,734;2,126;1,728;1,424;1,285;792;612;512;310;280
navarra;5.6.-Danos;3,673;3,264;3,759;3,667;2,841;3,401;3,303;3,321;3,238;3,158;3,532;3,218;2,920;2,874;2,537
navarra;5.7.-Contra la propiedad intelectual/industrial;61;43;12;8;9;27;38;13;29;33;54;70;8;4;10
navarra;5.8.-Blanqueo de capitales;49;22;7;10;6;4;2;3;3;3;1;0;0;0;1
navarra;5.9.-Otros contra el patrimonio;922;765;804;715;584;649;652;550;520;469;568;456;352;254;255
vascos;1. CONTRA LAS PERSONAS;9,226;8,715;8,330;6,457;5,730;6,884;6,391;6,193;5,393;8,881;12,313;12,268;12,425;12,633;11,792
vascos;1.1.-Homicidios dolosos/asesinatos;81;50;71;62;42;37;43;41;37;54;37;41;35;50;38
vascos;1.1.1.-Homicidios dolosos/asesinatos consumados;7;6;8;11;13;10;6;5;6;11;10;13;12;12;10
vascos;1.2.-Lesiones;5,678;5,502;5,353;4,151;3,609;4,742;4,579;4,588;4,191;4,223;4,537;4,643;5,024;5,419;4,968
vascos;1.3.-Malos tratos ambito familiar;2,960;2,681;2,418;1,836;1,661;1,666;1,320;1,159;750;796;732;743;651;707;653
vascos;1.4.-Otros contra las personas;507;482;488;408;418;439;449;405;415;3,808;7,007;6,841;6,715;6,457;6,133
vascos;2. CONTRA LA LIBERTAD;9,283;8,817;7,686;7,754;7,630;7,779;7,830;7,722;7,684;6,342;4,788;4,680;4,713;4,679;4,257
vascos;2.1.-Malos tratos habituales en el ambito familiar;2,449;2,500;2,321;2,427;2,716;2,727;2,868;2,782;3,084;3,223;3,362;3,251;3,276;3,144;2,818
vascos;2.2.-Otros contra la libertad;6,834;6,317;5,365;5,327;4,914;5,052;4,962;4,940;4,600;3,119;1,426;1,429;1,437;1,535;1,439
vascos;3. LIBERTAD SEXUAL;1,150;969;813;718;602;668;659;500;394;411;391;397;371;435;417
vascos;3.1.-Agresion sexual;680;538;443;366;293;347;324;268;241;238;218;258;207;265;240
vascos;3.2.-Agresion sexual con penetracion;302;235;235;215;158;170;162;118;52;47;59;62;61;50;47
vascos;3.3.-Corrupcion de menores o incapacitados;12;14;15;10;14;8;11;11;9;16;17;7;17;10;12
vascos;3.4.-Pornografia de menores;40;40;16;30;41;34;43;42;39;34;28;19;38;46;77
vascos;3.5.-Otros contra la libertad sexual;116;142;104;97;96;109;119;61;53;76;69;51;48;64;41
vascos;4. RELACIONES FAMILIARES;154;195;125;120;136;139;205;188;181;302;375;498;435;380;337
vascos;5. PATRIMONIO;79,122;80,195;75,817;61,679;55,878;71,978;68,582;62,871;62,837;62,875;63,332;65,419;66,523;63,215;65,555
vascos;5.1.-Hurtos;31,134;30,129;29,230;22,253;17,916;30,254;29,376;27,873;28,944;28,194;28,217;28,484;27,500;26,242;26,549
vascos;5.2.-Robos con fuerza en las cosas;10,269;10,344;12,113;10,684;9,408;12,683;12,528;12,539;13,167;14,029;16,002;17,789;17,519;17,473;20,220
vascos;5.2.1.-Robos con fuerza en las cosas en el interior de vehiculos;58;30;32;30;30;36;26;27;34;26;37;41;41;49;51
vascos;5.2.2.-Robos con fuerza en viviendas;3,875;4,079;5,113;4,350;3,651;5,018;4,534;4,058;4,117;4,739;6,007;5,753;4,948;4,787;4,366
vascos;5.2.3.-Robos con fuerza en establecimientos;1,577;1,890;1,948;1,761;1,503;2,626;2,759;2,687;2,829;2,773;2,615;2,848;2,823;2,781;2,991
vascos;5.3.-Robos con violencia o intimidacion;2,165;2,107;2,201;1,426;1,053;1,643;1,791;1,787;1,993;1,908;2,136;2,733;3,861;2,888;2,791
vascos;5.3.1.-Robos con violencia en via pública;1,534;1,519;1,614;996;725;1,076;1,194;1,224;1,372;1,238;1,415;1,743;2,619;1,940;1,967
vascos;5.3.2.-Robos con violencia en viviendas;129;129;103;83;93;103;149;123;164;205;188;314;515;322;204
vascos;5.3.3.-Robos con violencia en establecimientos;297;259;264;221;138;296;283;241;236;258;283;364;362;392;385
vascos;5.4.-Sustraccion de vehiculos;675;751;718;694;632;890;928;900;985;879;667;733;811;974;1,179
vascos;5.5.-Estafas;24,184;26,619;21,346;17,352;18,882;16,597;14,570;10,724;8,997;8,465;6,994;6,312;6,108;4,755;3,208
vascos;5.5.1.-Estafas informaticas;22,891;25,095;18,861;15,016;16,591;13,793;12,151;8,546;6,954;6,133;163;195;207;141;173
vascos;5.6.-Danos;8,005;7,939;8,193;7,359;6,414;8,103;7,596;7,729;7,481;7,588;7,825;7,967;9,493;9,779;10,629
vascos;5.7.-Contra la propiedad intelectual/industrial;67;58;30;11;10;15;13;7;10;24;19;15;33;17;26
vascos;5.8.-Blanqueo de capitales;31;12;10;4;9;8;5;10;2;5;3;1;3;8;4
vascos;5.9.-Otros contra el patrimonio;2,592;2,236;1,976;1,896;1,554;1,785;1,775;1,302;1,258;1,783;1,469;1,385;1,195;1,079;949
rioja;1. CONTRA LAS PERSONAS;1,435;1,490;1,391;1,166;942;1,042;1,057;1,006;979;1,176;1,527;1,462;1,623;1,625;1,695
rioja;1.1.-Homicidios dolosos/asesinatos;16;15;9;8;8;5;3;6;3;6;9;7;6;7;6
rioja;1.1.1.-Homicidios dolosos/asesinatos consumados;6;3;1;3;5;0;1;0;0;1;3;0;1;2;2
rioja;1.2.-Lesiones;770;753;792;658;500;577;562;549;557;543;603;632;666;760;847
rioja;1.3.-Malos tratos ambito familiar;601;676;550;482;413;447;479;438;406;414;399;369;398;362;327
rioja;1.4.-Otros contra las personas;48;46;40;18;21;13;13;13;13;213;516;454;553;496;515
rioja;2. CONTRA LA LIBERTAD;924;858;816;775;555;518;502;461;444;327;194;165;195;150;170
rioja;2.1.-Malos tratos habituales en el ambito familiar;81;94;97;91;73;68;48;51;42;46;43;38;41;31;37
rioja;2.2.-Otros contra la libertad;843;764;719;684;482;450;454;410;402;281;151;127;154;119;133
rioja;3. LIBERTAD SEXUAL;119;124;109;102;104;92;61;57;48;49;40;37;47;62;49
rioja;3.1.-Agresion sexual;86;82;77;69;47;65;39;40;34;30;28;22;27;41;20
rioja;3.2.-Agresion sexual con penetracion;15;18;19;14;13;15;8;7;7;9;3;6;10;11;14
rioja;3.3.-Corrupcion de menores o incapacitados;1;5;5;3;8;4;1;3;3;3;5;4;5;2;3
rioja;3.4.-Pornografia de menores;1;7;2;3;4;2;7;1;1;1;3;3;2;5;7
rioja;3.5.-Otros contra la libertad sexual;16;12;6;13;32;6;6;6;3;6;1;2;3;3;5
rioja;4. RELACIONES FAMILIARES;34;30;32;20;25;31;20;23;20;34;36;32;26;18;31
rioja;5. PATRIMONIO;8,256;8,570;8,254;5,983;5,460;6,179;5,894;5,676;5,764;6,260;6,352;7,086;7,267;7,007;6,555
rioja;5.1.-Hurtos;2,720;2,974;2,743;1,789;1,475;2,415;2,366;2,563;2,791;2,877;2,725;2,943;3,144;2,855;2,668
rioja;5.2.-Robos con fuerza en las cosas;1,399;1,356;1,251;844;806;942;1,001;1,271;1,187;1,438;1,676;2,066;1,931;1,967;2,043
rioja;5.2.1.-Robos con fuerza en las cosas en el interior de vehiculos;301;260;208;178;155;185;177;222;223;229;387;446;435;405;327
rioja;5.2.2.-Robos con fuerza en viviendas;588;559;527;397;352;437;466;587;494;647;629;823;628;327;489
rioja;5.2.3.-Robos con fuerza en establecimientos;149;145;167;92;99;109;133;124;148;170;210;262;311;261;363
rioja;5.3.-Robos con violencia o intimidacion;123;150;121;116;78;91;77;104;119;136;172;211;242;224;220
rioja;5.3.1.-Robos con violencia en via pública;65;88;69;68;44;41;46;54;75;92;106;137;171;111;135
rioja;5.3.2.-Robos con violencia en viviendas;12;12;8;7;5;7;8;11;4;11;17;17;22;20;17
rioja;5.3.3.-Robos con violencia en establecimientos;35;36;29;25;19;32;12;24;27;17;26;43;28;51;48
rioja;5.4.-Sustraccion de vehiculos;71;68;77;59;31;69;78;89;99;132;78;134;126;149;165
rioja;5.5.-Estafas;2,180;2,324;2,494;1,981;2,015;1,326;1,052;458;397;449;444;482;532;475;308
rioja;5.5.1.-Estafas informaticas;1,868;2,021;2,152;1,794;1,787;996;675;168;142;159;133;122;123;64;86
rioja;5.6.-Danos;1,345;1,252;1,270;931;852;979;1,097;1,013;1,004;1,042;1,092;1,089;1,182;1,214;1,066
rioja;5.7.-Contra la propiedad intelectual/industrial;3;3;2;1;2;42;17;4;8;2;1;3;6;10;7
rioja;5.8.-Blanqueo de capitales;3;0;2;0;1;2;1;1;2;1;2;0;1;1;2
rioja;5.9.-Otros contra el patrimonio;412;443;294;262;200;313;205;173;157;183;162;158;103;112;76
ceuta;1. CONTRA LAS PERSONAS;657;644;738;835;633;710;707;700;680;697;736;743;812;783;833
ceuta;1.1.-Homicidios dolosos/asesinatos;8;11;35;12;7;20;2;8;14;7;15;17;11;11;5
ceuta;1.1.1.-Homicidios dolosos/asesinatos consumados;0;5;4;2;2;4;1;1;4;1;6;2;0;4;1
ceuta;1.2.-Lesiones;365;348;432;500;398;437;439;418;421;400;362;404;370;395;393
ceuta;1.3.-Malos tratos ambito familiar;276;283;268;317;224;250;264;263;242;190;153;110;118;54;71
ceuta;1.4.-Otros contra las personas;8;2;3;6;4;3;2;11;3;100;206;212;313;323;364
ceuta;2. CONTRA LA LIBERTAD;394;311;335;376;338;283;248;252;322;182;109;143;175;203;277
ceuta;2.1.-Malos tratos habituales en el ambito familiar;9;8;12;11;5;4;16;21;40;35;51;81;98;162;221
ceuta;2.2.-Otros contra la libertad;385;303;323;365;333;279;232;231;282;147;58;62;77;41;56
ceuta;3. LIBERTAD SEXUAL;51;45;46;47;37;23;50;25;39;17;10;16;15;13;18
ceuta;3.1.-Agresion sexual;42;32;35;31;22;15;36;14;24;10;6;10;14;10;9
ceuta;3.2.-Agresion sexual con penetracion;5;8;5;4;3;2;6;5;4;4;0;1;0;1;0
ceuta;3.3.-Corrupcion de menores o incapacitados;0;1;1;0;1;0;0;1;4;0;0;1;0;0;3
ceuta;3.4.-Pornografia de menores;2;2;3;2;1;0;2;0;0;0;1;0;0;0;3
ceuta;3.5.-Otros contra la libertad sexual;2;2;2;10;10;6;6;5;7;3;3;4;1;2;3
ceuta;4. RELACIONES FAMILIARES;17;19;29;17;16;31;28;28;43;42;57;55;74;39;31
ceuta;5. PATRIMONIO;1,829;1,909;1,817;1,800;1,714;2,159;2,243;2,132;2,361;2,723;2,767;3,046;3,433;2,860;3,053
ceuta;5.1.-Hurtos;507;529;425;434;471;819;864;810;950;1,067;1,193;1,260;1,243;1,081;983
ceuta;5.2.-Robos con fuerza en las cosas;129;192;211;189;198;241;313;455;346;621;455;615;667;479;723
ceuta;5.2.1.-Robos con fuerza en las cosas en el interior de vehiculos;87;115;134;106;90;154;186;347;223;465;315;397;385;281;497
ceuta;5.2.2.-Robos con fuerza en viviendas;21;33;31;31;37;42;60;57;67;88;77;80;115;79;93
ceuta;5.2.3.-Robos con fuerza en establecimientos;6;19;13;25;30;16;25;26;32;21;30;83;87;62;49
ceuta;5.3.-Robos con violencia o intimidacion;140;84;107;195;128;147;150;131;197;174;189;223;165;168;189
ceuta;5.3.1.-Robos con violencia en via pública;107;62;75;148;97;112;115;110;156;141;156;169;141;125;141
ceuta;5.3.2.-Robos con violencia en viviendas;8;7;5;4;6;6;7;2;8;8;13;13;5;16;8
ceuta;5.3.3.-Robos con violencia en establecimientos;12;10;10;9;8;10;7;5;4;7;8;25;5;6;13
ceuta;5.4.-Sustraccion de vehiculos;112;108;107;103;84;168;247;216;387;350;319;403;653;463;436
ceuta;5.5.-Estafas;600;617;529;452;432;404;291;166;142;152;156;94;137;117;96
ceuta;5.5.1.-Estafas informaticas;497;514;469;402;359;324;182;72;64;62;64;32;66;63;60
ceuta;5.6.-Danos;251;311;378;344;350;331;324;313;296;327;411;416;486;485;553
ceuta;5.7.-Contra la propiedad intelectual/industrial;0;1;2;1;1;2;0;3;6;2;6;2;14;6;9
ceuta;5.8.-Blanqueo de capitales;3;0;1;0;0;1;4;1;1;0;1;0;0;1;0
ceuta;5.9.-Otros contra el patrimonio;87;67;57;82;50;46;50;37;36;30;37;33;68;60;64
melilla;1. CONTRA LAS PERSONAS;909;923;926;900;870;931;874;889;888;979;1,057;879;887;948;1,011
melilla;1.1.-Homicidios dolosos/asesinatos;1;3;7;4;2;9;1;8;9;5;4;4;9;7;4
melilla;1.1.1.-Homicidios dolosos/asesinatos consumados;0;0;2;0;0;1;0;0;1;1;3;1;4;0;0
melilla;1.2.-Lesiones;512;509;532;539;522;592;574;569;578;491;523;474;452;478;501
melilla;1.3.-Malos tratos ambito familiar;376;396;368;333;322;319;275;304;293;350;302;226;242;259;252
melilla;1.4.-Otros contra las personas;20;15;19;24;24;11;24;8;8;133;228;175;184;204;254
melilla;2. CONTRA LA LIBERTAD;541;462;430;443;381;296;340;356;290;172;82;89;87;95;126
melilla;2.1.-Malos tratos habituales en el ambito familiar;4;1;14;4;6;9;3;12;12;15;11;20;5;3;23
melilla;2.2.-Otros contra la libertad;537;461;416;439;375;287;337;344;278;157;71;69;82;92;103
melilla;3. LIBERTAD SEXUAL;42;41;22;39;34;33;27;29;51;30;31;38;26;34;38
melilla;3.1.-Agresion sexual;26;31;15;28;19;22;18;19;45;21;21;25;21;25;16
melilla;3.2.-Agresion sexual con penetracion;8;3;4;5;7;5;2;3;3;2;4;6;2;2;10
melilla;3.3.-Corrupcion de menores o incapacitados;1;0;0;1;1;0;1;0;0;1;0;2;0;1;1
melilla;3.4.-Pornografia de menores;0;2;0;2;0;0;2;3;0;1;0;0;0;0;3
melilla;3.5.-Otros contra la libertad sexual;7;5;3;3;7;6;4;4;3;5;6;5;3;6;8
melilla;4. RELACIONES FAMILIARES;19;12;13;26;24;25;22;31;25;35;34;22;21;27;30
melilla;5. PATRIMONIO;2,250;2,213;2,276;1,984;2,319;3,281;3,329;2,826;2,953;2,955;2,627;2,834;2,770;2,917;2,810
melilla;5.1.-Hurtos;659;747;732;576;778;1,202;1,237;1,154;1,312;1,328;1,116;1,192;1,250;1,181;1,043
melilla;5.2.-Robos con fuerza en las cosas;235;248;307;251;364;766;787;587;620;686;566;668;592;774;774
melilla;5.2.1.-Robos con fuerza en las cosas en el interior de vehiculos;105;104;191;138;246;618;589;375;368;417;342;424;328;474;427
melilla;5.2.2.-Robos con fuerza en viviendas;37;60;46;55;44;71;91;99;159;97;87;82;103;90;156
melilla;5.2.3.-Robos con fuerza en establecimientos;46;59;38;14;22;26;35;39;36;58;49;64;54;91;79
melilla;5.3.-Robos con violencia o intimidacion;106;119;121;201;300;375;332;356;377;320;265;295;256;240;194
melilla;5.3.1.-Robos con violencia en via pública;66;86;96;145;220;243;260;277;316;270;233;251;210;182;171
melilla;5.3.2.-Robos con violencia en viviendas;9;9;6;2;2;8;6;4;1;4;6;10;6;3;1
melilla;5.3.3.-Robos con violencia en establecimientos;20;12;9;14;16;13;8;16;3;4;4;12;16;15;8
melilla;5.4.-Sustraccion de vehiculos;57;65;78;35;42;76;88;113;105;120;179;221;191;260;250
melilla;5.5.-Estafas;603;506;536;448;442;386;373;98;100;119;127;94;69;67;68
melilla;5.5.1.-Estafas informaticas;458;409;329;348;351;241;176;32;29;30;37;20;12;22;23
melilla;5.6.-Danos;482;447;427;406;323;380;445;421;375;348;321;327;363;336;438
melilla;5.7.-Contra la propiedad intelectual/industrial;1;1;0;1;1;7;11;31;7;4;7;5;12;11;14
melilla;5.8.-Blanqueo de capitales;0;0;1;1;0;5;0;1;1;1;1;1;1;3;0
melilla;5.9.-Otros contra el patrimonio;107;80;74;65;69;84;56;65;56;29;45;31;36;45;29
